review_role,selected_k,analysis_tier,feature_method,sample,dataset,relationship,stratum,variant,variant_label,spearman_rho,spearman_pvalue,n_spots
best_reference_sample,4,primary_glmpca,glmpca,SP1,denisenko_2022,isodepth_vs_score,all,snai1ac_em_smooth_corrected,Smoothed corrected,0.013904266115414994,0.4828769238370988,2549
best_reference_sample,4,primary_glmpca,glmpca,SP1,denisenko_2022,isodepth_vs_score,all,snai1ac_em_unsmoothed_corrected,Unsmoothed corrected,0.003253524845976656,0.8695874006403269,2549
best_reference_sample,4,primary_glmpca,glmpca,SP1,denisenko_2022,isodepth_vs_score,all,snai1ac_em_unsmoothed_uncorrected,Unsmoothed uncorrected,-0.22326089421195588,3.697217222772655e-30,2549
best_reference_sample,4,primary_glmpca,glmpca,SP1,denisenko_2022,isodepth_vs_score,tumor,snai1ac_em_smooth_corrected,Smoothed corrected,0.06061047979907645,0.03304496422351967,1237
best_reference_sample,4,primary_glmpca,glmpca,SP1,denisenko_2022,isodepth_vs_score,tumor,snai1ac_em_unsmoothed_corrected,Unsmoothed corrected,0.003534191163805065,0.9011760846927249,1237
best_reference_sample,4,primary_glmpca,glmpca,SP1,denisenko_2022,isodepth_vs_score,tumor,snai1ac_em_unsmoothed_uncorrected,Unsmoothed uncorrected,-0.15556739666698066,3.8098942483595016e-08,1237
best_reference_sample,4,primary_glmpca,glmpca,SP1,denisenko_2022,isodepth_vs_score,interface,snai1ac_em_smooth_corrected,Smoothed corrected,-0.0025148573275074813,0.9488577174439243,653
best_reference_sample,4,primary_glmpca,glmpca,SP1,denisenko_2022,isodepth_vs_score,interface,snai1ac_em_unsmoothed_corrected,Unsmoothed corrected,0.026913248584212984,0.49236999096008716,653
best_reference_sample,4,primary_glmpca,glmpca,SP1,denisenko_2022,isodepth_vs_score,interface,snai1ac_em_unsmoothed_uncorrected,Unsmoothed uncorrected,-0.19334685007527064,6.41308745997696e-07,653
best_reference_sample,4,primary_glmpca,glmpca,SP1,denisenko_2022,isodepth_vs_score,stroma,snai1ac_em_smooth_corrected,Smoothed corrected,-0.15837333815250063,4.432752812206374e-05,659
best_reference_sample,4,primary_glmpca,glmpca,SP1,denisenko_2022,isodepth_vs_score,stroma,snai1ac_em_unsmoothed_corrected,Unsmoothed corrected,-0.08207588427457344,0.03515880066960063,659
best_reference_sample,4,primary_glmpca,glmpca,SP1,denisenko_2022,isodepth_vs_score,stroma,snai1ac_em_unsmoothed_uncorrected,Unsmoothed uncorrected,-0.4375404675759322,3.4073408579681766e-32,659
best_reference_sample,4,primary_glmpca,glmpca,SP1,denisenko_2022,isodepth_vs_total_counts,all,,,-0.003868099765947185,0.8452394322217427,2549
best_reference_sample,4,primary_glmpca,glmpca,SP1,denisenko_2022,isodepth_vs_n_genes_by_counts,all,,,-0.04281241372950872,0.030662312917184947,2549
best_reference_sample,4,primary_glmpca,glmpca,SP1,denisenko_2022,isodepth_vs_n_genes,all,,,-0.04281241372950872,0.030662312917184947,2549
best_reference_sample,4,primary_glmpca,glmpca,SP1,denisenko_2022,isodepth_vs_n_counts,all,,,-0.003868099765947185,0.8452394322217427,2549
best_reference_sample,4,primary_glmpca,glmpca,SP1,denisenko_2022,isodepth_vs_Malignant,all,,,0.11613408689384652,4.0936408143017516e-09,2549
best_reference_sample,4,primary_glmpca,glmpca,SP1,denisenko_2022,score_variant_vs_score_variant,all,snai1ac_em_smooth_corrected__vs__snai1ac_em_unsmoothed_corrected,Smoothed corrected vs Unsmoothed corrected,0.1954160408165439,2.341097189152065e-23,2549
best_reference_sample,4,primary_glmpca,glmpca,SP1,denisenko_2022,score_variant_vs_score_variant,all,snai1ac_em_smooth_corrected__vs__snai1ac_em_unsmoothed_uncorrected,Smoothed corrected vs Unsmoothed uncorrected,0.17716547767926016,2.0297791467118944e-19,2549
best_reference_sample,4,primary_glmpca,glmpca,SP1,denisenko_2022,score_variant_vs_score_variant,all,snai1ac_em_unsmoothed_corrected__vs__snai1ac_em_unsmoothed_uncorrected,Unsmoothed corrected vs Unsmoothed uncorrected,0.8918789772580562,0.0,2549
usable_domain_size_caveat,4,primary_glmpca,glmpca,SP2,denisenko_2022,isodepth_vs_score,all,snai1ac_em_smooth_corrected,Smoothed corrected,-0.17041475690598584,5.107554505320242e-14,1926
usable_domain_size_caveat,4,primary_glmpca,glmpca,SP2,denisenko_2022,isodepth_vs_score,all,snai1ac_em_unsmoothed_corrected,Unsmoothed corrected,-0.08806330442130607,0.00010893528510206428,1926
usable_domain_size_caveat,4,primary_glmpca,glmpca,SP2,denisenko_2022,isodepth_vs_score,all,snai1ac_em_unsmoothed_uncorrected,Unsmoothed uncorrected,-0.02382456799721844,0.2960046295469148,1926
usable_domain_size_caveat,4,primary_glmpca,glmpca,SP2,denisenko_2022,isodepth_vs_score,tumor,snai1ac_em_smooth_corrected,Smoothed corrected,-0.239827114608209,1.9754926566206332e-14,991
usable_domain_size_caveat,4,primary_glmpca,glmpca,SP2,denisenko_2022,isodepth_vs_score,tumor,snai1ac_em_unsmoothed_corrected,Unsmoothed corrected,-0.13571150619505165,1.813686936238042e-05,991
usable_domain_size_caveat,4,primary_glmpca,glmpca,SP2,denisenko_2022,isodepth_vs_score,tumor,snai1ac_em_unsmoothed_uncorrected,Unsmoothed uncorrected,-0.18600006362245547,3.646621893553824e-09,991
usable_domain_size_caveat,4,primary_glmpca,glmpca,SP2,denisenko_2022,isodepth_vs_score,interface,snai1ac_em_smooth_corrected,Smoothed corrected,-0.3875203298559187,8.894439000846141e-15,372
usable_domain_size_caveat,4,primary_glmpca,glmpca,SP2,denisenko_2022,isodepth_vs_score,interface,snai1ac_em_unsmoothed_corrected,Unsmoothed corrected,-0.17725489775571446,0.0005936523727729597,372
usable_domain_size_caveat,4,primary_glmpca,glmpca,SP2,denisenko_2022,isodepth_vs_score,interface,snai1ac_em_unsmoothed_uncorrected,Unsmoothed uncorrected,-0.2273491546253234,9.497113687790428e-06,372
usable_domain_size_caveat,4,primary_glmpca,glmpca,SP2,denisenko_2022,isodepth_vs_score,stroma,snai1ac_em_smooth_corrected,Smoothed corrected,-0.23282468619297508,2.2826888899840502e-08,563
usable_domain_size_caveat,4,primary_glmpca,glmpca,SP2,denisenko_2022,isodepth_vs_score,stroma,snai1ac_em_unsmoothed_corrected,Unsmoothed corrected,-0.13312017242592034,0.001547075922772966,563
usable_domain_size_caveat,4,primary_glmpca,glmpca,SP2,denisenko_2022,isodepth_vs_score,stroma,snai1ac_em_unsmoothed_uncorrected,Unsmoothed uncorrected,-0.04453382898898563,0.29149086100242133,563
usable_domain_size_caveat,4,primary_glmpca,glmpca,SP2,denisenko_2022,isodepth_vs_total_counts,all,,,0.36148385040457137,1.5688398426137595e-60,1926
usable_domain_size_caveat,4,primary_glmpca,glmpca,SP2,denisenko_2022,isodepth_vs_n_genes_by_counts,all,,,0.33828430141307664,8.99994375735646e-53,1926
usable_domain_size_caveat,4,primary_glmpca,glmpca,SP2,denisenko_2022,isodepth_vs_n_genes,all,,,0.33828430141307664,8.99994375735646e-53,1926
usable_domain_size_caveat,4,primary_glmpca,glmpca,SP2,denisenko_2022,isodepth_vs_n_counts,all,,,0.36148385040457137,1.5688398426137595e-60,1926
usable_domain_size_caveat,4,primary_glmpca,glmpca,SP2,denisenko_2022,isodepth_vs_Malignant,all,,,0.27323610515451474,2.531010035091236e-34,1926
usable_domain_size_caveat,4,primary_glmpca,glmpca,SP2,denisenko_2022,score_variant_vs_score_variant,all,snai1ac_em_smooth_corrected__vs__snai1ac_em_unsmoothed_corrected,Smoothed corrected vs Unsmoothed corrected,0.31278584043610314,5.592354559880985e-45,1926
usable_domain_size_caveat,4,primary_glmpca,glmpca,SP2,denisenko_2022,score_variant_vs_score_variant,all,snai1ac_em_smooth_corrected__vs__snai1ac_em_unsmoothed_uncorrected,Smoothed corrected vs Unsmoothed uncorrected,0.28155834062602336,1.9979519712997694e-36,1926
usable_domain_size_caveat,4,primary_glmpca,glmpca,SP2,denisenko_2022,score_variant_vs_score_variant,all,snai1ac_em_unsmoothed_corrected__vs__snai1ac_em_unsmoothed_uncorrected,Unsmoothed corrected vs Unsmoothed uncorrected,0.9370493174183703,0.0,1926
supplementary_pearson_usable,5,supplementary_pearson,pearson,SP3,denisenko_2022,isodepth_vs_score,all,snai1ac_em_smooth_corrected,Smoothed corrected,0.08383035617388007,0.0011908674855398294,1492
supplementary_pearson_usable,5,supplementary_pearson,pearson,SP3,denisenko_2022,isodepth_vs_score,all,snai1ac_em_unsmoothed_corrected,Unsmoothed corrected,0.04550046824693865,0.07892514896047226,1492
supplementary_pearson_usable,5,supplementary_pearson,pearson,SP3,denisenko_2022,isodepth_vs_score,all,snai1ac_em_unsmoothed_uncorrected,Unsmoothed uncorrected,0.3943253157843911,1.0901482179529357e-56,1492
supplementary_pearson_usable,5,supplementary_pearson,pearson,SP3,denisenko_2022,isodepth_vs_score,tumor,snai1ac_em_smooth_corrected,Smoothed corrected,-0.2727733605031511,4.7452878737336535e-09,446
supplementary_pearson_usable,5,supplementary_pearson,pearson,SP3,denisenko_2022,isodepth_vs_score,tumor,snai1ac_em_unsmoothed_corrected,Unsmoothed corrected,-0.3065278237577873,3.710162056305885e-11,446
supplementary_pearson_usable,5,supplementary_pearson,pearson,SP3,denisenko_2022,isodepth_vs_score,tumor,snai1ac_em_unsmoothed_uncorrected,Unsmoothed uncorrected,0.1865651428055497,7.376183373001256e-05,446
supplementary_pearson_usable,5,supplementary_pearson,pearson,SP3,denisenko_2022,isodepth_vs_score,interface,snai1ac_em_smooth_corrected,Smoothed corrected,-0.2230978801256811,0.00013101633621122937,289
supplementary_pearson_usable,5,supplementary_pearson,pearson,SP3,denisenko_2022,isodepth_vs_score,interface,snai1ac_em_unsmoothed_corrected,Unsmoothed corrected,-0.12978860915562979,0.027371144691985677,289
supplementary_pearson_usable,5,supplementary_pearson,pearson,SP3,denisenko_2022,isodepth_vs_score,interface,snai1ac_em_unsmoothed_uncorrected,Unsmoothed uncorrected,0.032342500894881276,0.5839783164208847,289
supplementary_pearson_usable,5,supplementary_pearson,pearson,SP3,denisenko_2022,isodepth_vs_score,stroma,snai1ac_em_smooth_corrected,Smoothed corrected,0.17160368177088114,2.0451719344561725e-06,757
supplementary_pearson_usable,5,supplementary_pearson,pearson,SP3,denisenko_2022,isodepth_vs_score,stroma,snai1ac_em_unsmoothed_corrected,Unsmoothed corrected,0.10901652010145123,0.002669464381637834,757
supplementary_pearson_usable,5,supplementary_pearson,pearson,SP3,denisenko_2022,isodepth_vs_score,stroma,snai1ac_em_unsmoothed_uncorrected,Unsmoothed uncorrected,0.17653403138833962,1.0212384487236452e-06,757
supplementary_pearson_usable,5,supplementary_pearson,pearson,SP3,denisenko_2022,isodepth_vs_total_counts,all,,,0.26038612092808344,1.5125064622427375e-24,1492
supplementary_pearson_usable,5,supplementary_pearson,pearson,SP3,denisenko_2022,isodepth_vs_n_genes_by_counts,all,,,0.3168219662750889,3.866344573596861e-36,1492
supplementary_pearson_usable,5,supplementary_pearson,pearson,SP3,denisenko_2022,isodepth_vs_n_genes,all,,,0.3168219662750889,3.866344573596861e-36,1492
supplementary_pearson_usable,5,supplementary_pearson,pearson,SP3,denisenko_2022,isodepth_vs_n_counts,all,,,0.26038612092808344,1.5125064622427375e-24,1492
supplementary_pearson_usable,5,supplementary_pearson,pearson,SP3,denisenko_2022,isodepth_vs_Malignant,all,,,0.5987063418136329,8.406814126747296e-146,1492
supplementary_pearson_usable,5,supplementary_pearson,pearson,SP3,denisenko_2022,score_variant_vs_score_variant,all,snai1ac_em_smooth_corrected__vs__snai1ac_em_unsmoothed_corrected,Smoothed corrected vs Unsmoothed corrected,0.31249296966595835,3.728299594830002e-35,1492
supplementary_pearson_usable,5,supplementary_pearson,pearson,SP3,denisenko_2022,score_variant_vs_score_variant,all,snai1ac_em_smooth_corrected__vs__snai1ac_em_unsmoothed_uncorrected,Smoothed corrected vs Unsmoothed uncorrected,0.2732568546980893,5.839937030857668e-27,1492
supplementary_pearson_usable,5,supplementary_pearson,pearson,SP3,denisenko_2022,score_variant_vs_score_variant,all,snai1ac_em_unsmoothed_corrected__vs__snai1ac_em_unsmoothed_uncorrected,Unsmoothed corrected vs Unsmoothed uncorrected,0.8290209364093145,0.0,1492
usable,4,primary_glmpca,glmpca,SP4,denisenko_2022,isodepth_vs_score,all,snai1ac_em_smooth_corrected,Smoothed corrected,0.04690578161086122,0.012359039120627394,2844
usable,4,primary_glmpca,glmpca,SP4,denisenko_2022,isodepth_vs_score,all,snai1ac_em_unsmoothed_corrected,Unsmoothed corrected,0.032246896354063095,0.08554315667305602,2844
usable,4,primary_glmpca,glmpca,SP4,denisenko_2022,isodepth_vs_score,all,snai1ac_em_unsmoothed_uncorrected,Unsmoothed uncorrected,-0.10009327597867393,8.84505558975215e-08,2844
usable,4,primary_glmpca,glmpca,SP4,denisenko_2022,isodepth_vs_score,tumor,snai1ac_em_smooth_corrected,Smoothed corrected,-0.06601173069856053,0.01504807205637524,1356
usable,4,primary_glmpca,glmpca,SP4,denisenko_2022,isodepth_vs_score,tumor,snai1ac_em_unsmoothed_corrected,Unsmoothed corrected,-0.02534703362698061,0.3509925342836854,1356
usable,4,primary_glmpca,glmpca,SP4,denisenko_2022,isodepth_vs_score,tumor,snai1ac_em_unsmoothed_uncorrected,Unsmoothed uncorrected,-0.1421637052272206,1.464910568539129e-07,1356
usable,4,primary_glmpca,glmpca,SP4,denisenko_2022,isodepth_vs_score,interface,snai1ac_em_smooth_corrected,Smoothed corrected,-0.0967354774064243,0.005832397722826417,811
usable,4,primary_glmpca,glmpca,SP4,denisenko_2022,isodepth_vs_score,interface,snai1ac_em_unsmoothed_corrected,Unsmoothed corrected,-0.09168271245740525,0.008990301279351754,811
usable,4,primary_glmpca,glmpca,SP4,denisenko_2022,isodepth_vs_score,interface,snai1ac_em_unsmoothed_uncorrected,Unsmoothed uncorrected,-0.18512883088332724,1.09659446912468e-07,811
usable,4,primary_glmpca,glmpca,SP4,denisenko_2022,isodepth_vs_score,stroma,snai1ac_em_smooth_corrected,Smoothed corrected,-0.06770453323540111,0.07834266659668546,677
usable,4,primary_glmpca,glmpca,SP4,denisenko_2022,isodepth_vs_score,stroma,snai1ac_em_unsmoothed_corrected,Unsmoothed corrected,-0.017330825006038907,0.6526130189040876,677
usable,4,primary_glmpca,glmpca,SP4,denisenko_2022,isodepth_vs_score,stroma,snai1ac_em_unsmoothed_uncorrected,Unsmoothed uncorrected,-0.23932318786376217,2.8379985387746857e-10,677
usable,4,primary_glmpca,glmpca,SP4,denisenko_2022,isodepth_vs_total_counts,all,,,0.10298597928489449,3.704636262168303e-08,2844
usable,4,primary_glmpca,glmpca,SP4,denisenko_2022,isodepth_vs_n_genes_by_counts,all,,,0.08897864447929027,2.009171305464379e-06,2844
usable,4,primary_glmpca,glmpca,SP4,denisenko_2022,isodepth_vs_n_genes,all,,,0.08897864447929027,2.009171305464379e-06,2844
usable,4,primary_glmpca,glmpca,SP4,denisenko_2022,isodepth_vs_n_counts,all,,,0.10298597928489449,3.704636262168303e-08,2844
usable,4,primary_glmpca,glmpca,SP4,denisenko_2022,isodepth_vs_Malignant,all,,,0.2877310107584851,2.416282200610369e-55,2844
usable,4,primary_glmpca,glmpca,SP4,denisenko_2022,score_variant_vs_score_variant,all,snai1ac_em_smooth_corrected__vs__snai1ac_em_unsmoothed_corrected,Smoothed corrected vs Unsmoothed corrected,0.35469517218654095,4.4362151248892875e-85,2844
usable,4,primary_glmpca,glmpca,SP4,denisenko_2022,score_variant_vs_score_variant,all,snai1ac_em_smooth_corrected__vs__snai1ac_em_unsmoothed_uncorrected,Smoothed corrected vs Unsmoothed uncorrected,0.3383737327697439,3.996811876298039e-77,2844
usable,4,primary_glmpca,glmpca,SP4,denisenko_2022,score_variant_vs_score_variant,all,snai1ac_em_unsmoothed_corrected__vs__snai1ac_em_unsmoothed_uncorrected,Unsmoothed corrected vs Unsmoothed uncorrected,0.9241846923229492,0.0,2844
usable,5,primary_glmpca,glmpca,SP5,denisenko_2022,isodepth_vs_score,all,snai1ac_em_smooth_corrected,Smoothed corrected,0.04752384775893006,0.03410653092334333,1988
usable,5,primary_glmpca,glmpca,SP5,denisenko_2022,isodepth_vs_score,all,snai1ac_em_unsmoothed_corrected,Unsmoothed corrected,0.042266932590906685,0.05953628318811594,1988
usable,5,primary_glmpca,glmpca,SP5,denisenko_2022,isodepth_vs_score,all,snai1ac_em_unsmoothed_uncorrected,Unsmoothed uncorrected,-0.06926508390872724,0.002000951177552386,1988
usable,5,primary_glmpca,glmpca,SP5,denisenko_2022,isodepth_vs_score,tumor,snai1ac_em_smooth_corrected,Smoothed corrected,-0.18521639676272839,4.313960089748245e-08,862
usable,5,primary_glmpca,glmpca,SP5,denisenko_2022,isodepth_vs_score,tumor,snai1ac_em_unsmoothed_corrected,Unsmoothed corrected,-0.1337891206909539,8.146369720135668e-05,862
usable,5,primary_glmpca,glmpca,SP5,denisenko_2022,isodepth_vs_score,tumor,snai1ac_em_unsmoothed_uncorrected,Unsmoothed uncorrected,-0.09649348657450454,0.004574812796481407,862
usable,5,primary_glmpca,glmpca,SP5,denisenko_2022,isodepth_vs_score,interface,snai1ac_em_smooth_corrected,Smoothed corrected,-0.01940349378656638,0.6573520907470516,525
usable,5,primary_glmpca,glmpca,SP5,denisenko_2022,isodepth_vs_score,interface,snai1ac_em_unsmoothed_corrected,Unsmoothed corrected,0.04631319686031903,0.2895051945211458,525
usable,5,primary_glmpca,glmpca,SP5,denisenko_2022,isodepth_vs_score,interface,snai1ac_em_unsmoothed_uncorrected,Unsmoothed uncorrected,-0.17176998307632363,7.62781928411258e-05,525
usable,5,primary_glmpca,glmpca,SP5,denisenko_2022,isodepth_vs_score,stroma,snai1ac_em_smooth_corrected,Smoothed corrected,-0.11743600090657323,0.003939488436253924,601
usable,5,primary_glmpca,glmpca,SP5,denisenko_2022,isodepth_vs_score,stroma,snai1ac_em_unsmoothed_corrected,Unsmoothed corrected,-0.06460605524568688,0.11360555761959816,601
usable,5,primary_glmpca,glmpca,SP5,denisenko_2022,isodepth_vs_score,stroma,snai1ac_em_unsmoothed_uncorrected,Unsmoothed uncorrected,-0.2188992854824059,5.923634140641831e-08,601
usable,5,primary_glmpca,glmpca,SP5,denisenko_2022,isodepth_vs_total_counts,all,,,0.416731412348311,2.3335902932540915e-84,1988
usable,5,primary_glmpca,glmpca,SP5,denisenko_2022,isodepth_vs_n_genes_by_counts,all,,,0.3798972379186179,2.858789466296564e-69,1988
usable,5,primary_glmpca,glmpca,SP5,denisenko_2022,isodepth_vs_n_genes,all,,,0.3798972379186179,2.858789466296564e-69,1988
usable,5,primary_glmpca,glmpca,SP5,denisenko_2022,isodepth_vs_n_counts,all,,,0.416731412348311,2.3335902932540915e-84,1988
usable,5,primary_glmpca,glmpca,SP5,denisenko_2022,isodepth_vs_Malignant,all,,,0.3083752494133104,4.660026498674477e-45,1988
usable,5,primary_glmpca,glmpca,SP5,denisenko_2022,score_variant_vs_score_variant,all,snai1ac_em_smooth_corrected__vs__snai1ac_em_unsmoothed_corrected,Smoothed corrected vs Unsmoothed corrected,0.3693503922819661,2.708236279694169e-65,1988
usable,5,primary_glmpca,glmpca,SP5,denisenko_2022,score_variant_vs_score_variant,all,snai1ac_em_smooth_corrected__vs__snai1ac_em_unsmoothed_uncorrected,Smoothed corrected vs Unsmoothed uncorrected,0.22834839295234075,6.252312695008505e-25,1988
usable,5,primary_glmpca,glmpca,SP5,denisenko_2022,score_variant_vs_score_variant,all,snai1ac_em_unsmoothed_corrected__vs__snai1ac_em_unsmoothed_uncorrected,Unsmoothed corrected vs Unsmoothed uncorrected,0.862632326140206,0.0,1988
usable_qc_caveat,4,primary_glmpca,glmpca,SP6,denisenko_2022,isodepth_vs_score,all,snai1ac_em_smooth_corrected,Smoothed corrected,0.4377069323062988,3.461423254417393e-83,1758
usable_qc_caveat,4,primary_glmpca,glmpca,SP6,denisenko_2022,isodepth_vs_score,all,snai1ac_em_unsmoothed_corrected,Unsmoothed corrected,0.2766092998514484,3.042069787137903e-32,1758
usable_qc_caveat,4,primary_glmpca,glmpca,SP6,denisenko_2022,isodepth_vs_score,all,snai1ac_em_unsmoothed_uncorrected,Unsmoothed uncorrected,0.34741072577468723,4.918710539531018e-51,1758
usable_qc_caveat,4,primary_glmpca,glmpca,SP6,denisenko_2022,isodepth_vs_score,tumor,snai1ac_em_smooth_corrected,Smoothed corrected,0.1327807178287186,0.00035694073694776847,719
usable_qc_caveat,4,primary_glmpca,glmpca,SP6,denisenko_2022,isodepth_vs_score,tumor,snai1ac_em_unsmoothed_corrected,Unsmoothed corrected,0.042470940631202686,0.25538990897952246,719
usable_qc_caveat,4,primary_glmpca,glmpca,SP6,denisenko_2022,isodepth_vs_score,tumor,snai1ac_em_unsmoothed_uncorrected,Unsmoothed uncorrected,0.11976014478997576,0.0012941761743086337,719
usable_qc_caveat,4,primary_glmpca,glmpca,SP6,denisenko_2022,isodepth_vs_score,interface,snai1ac_em_smooth_corrected,Smoothed corrected,0.18287644053483065,9.054968519453897e-05,453
usable_qc_caveat,4,primary_glmpca,glmpca,SP6,denisenko_2022,isodepth_vs_score,interface,snai1ac_em_unsmoothed_corrected,Unsmoothed corrected,0.09711896906540443,0.03880620763087964,453
usable_qc_caveat,4,primary_glmpca,glmpca,SP6,denisenko_2022,isodepth_vs_score,interface,snai1ac_em_unsmoothed_uncorrected,Unsmoothed uncorrected,0.1558773593799791,0.0008720046491461471,453
usable_qc_caveat,4,primary_glmpca,glmpca,SP6,denisenko_2022,isodepth_vs_score,stroma,snai1ac_em_smooth_corrected,Smoothed corrected,0.4629399958167161,1.832946597040842e-32,586
usable_qc_caveat,4,primary_glmpca,glmpca,SP6,denisenko_2022,isodepth_vs_score,stroma,snai1ac_em_unsmoothed_corrected,Unsmoothed corrected,0.26087593432512635,1.4265573760469257e-10,586
usable_qc_caveat,4,primary_glmpca,glmpca,SP6,denisenko_2022,isodepth_vs_score,stroma,snai1ac_em_unsmoothed_uncorrected,Unsmoothed uncorrected,0.23037230908505885,1.6920166673511735e-08,586
usable_qc_caveat,4,primary_glmpca,glmpca,SP6,denisenko_2022,isodepth_vs_total_counts,all,,,0.5988871260597367,1.3241572174534957e-171,1758
usable_qc_caveat,4,primary_glmpca,glmpca,SP6,denisenko_2022,isodepth_vs_n_genes_by_counts,all,,,0.5851004608288016,5.196226670332318e-162,1758
usable_qc_caveat,4,primary_glmpca,glmpca,SP6,denisenko_2022,isodepth_vs_n_genes,all,,,0.5851004608288016,5.196226670332318e-162,1758
usable_qc_caveat,4,primary_glmpca,glmpca,SP6,denisenko_2022,isodepth_vs_n_counts,all,,,0.5988871260597367,1.3241572174534957e-171,1758
usable_qc_caveat,4,primary_glmpca,glmpca,SP6,denisenko_2022,isodepth_vs_Malignant,all,,,0.5675653883872188,1.8679656769487704e-150,1758
usable_qc_caveat,4,primary_glmpca,glmpca,SP6,denisenko_2022,score_variant_vs_score_variant,all,snai1ac_em_smooth_corrected__vs__snai1ac_em_unsmoothed_corrected,Smoothed corrected vs Unsmoothed corrected,0.4325965012246424,4.32935129117007e-81,1758
usable_qc_caveat,4,primary_glmpca,glmpca,SP6,denisenko_2022,score_variant_vs_score_variant,all,snai1ac_em_smooth_corrected__vs__snai1ac_em_unsmoothed_uncorrected,Smoothed corrected vs Unsmoothed uncorrected,0.40013516238585994,1.3939267651962495e-68,1758
usable_qc_caveat,4,primary_glmpca,glmpca,SP6,denisenko_2022,score_variant_vs_score_variant,all,snai1ac_em_unsmoothed_corrected__vs__snai1ac_em_unsmoothed_uncorrected,Unsmoothed corrected vs Unsmoothed uncorrected,0.9412045559841599,0.0,1758
supplementary_pearson_usable,4,supplementary_pearson,pearson,SP7,denisenko_2022,isodepth_vs_score,all,snai1ac_em_smooth_corrected,Smoothed corrected,0.041939463945496386,0.014145301568792115,3422
supplementary_pearson_usable,4,supplementary_pearson,pearson,SP7,denisenko_2022,isodepth_vs_score,all,snai1ac_em_unsmoothed_corrected,Unsmoothed corrected,0.015716677241952776,0.35803652037654177,3422
supplementary_pearson_usable,4,supplementary_pearson,pearson,SP7,denisenko_2022,isodepth_vs_score,all,snai1ac_em_unsmoothed_uncorrected,Unsmoothed uncorrected,0.1358579139351346,1.4453656234716911e-15,3422
supplementary_pearson_usable,4,supplementary_pearson,pearson,SP7,denisenko_2022,isodepth_vs_score,tumor,snai1ac_em_smooth_corrected,Smoothed corrected,0.14946473355341142,1.2836782161879073e-09,1633
supplementary_pearson_usable,4,supplementary_pearson,pearson,SP7,denisenko_2022,isodepth_vs_score,tumor,snai1ac_em_unsmoothed_corrected,Unsmoothed corrected,0.12324508844223184,5.864557956681059e-07,1633
supplementary_pearson_usable,4,supplementary_pearson,pearson,SP7,denisenko_2022,isodepth_vs_score,tumor,snai1ac_em_unsmoothed_uncorrected,Unsmoothed uncorrected,0.23084580816311218,3.409855684321684e-21,1633
supplementary_pearson_usable,4,supplementary_pearson,pearson,SP7,denisenko_2022,isodepth_vs_score,interface,snai1ac_em_smooth_corrected,Smoothed corrected,0.037366294706848054,0.24940090068549367,952
supplementary_pearson_usable,4,supplementary_pearson,pearson,SP7,denisenko_2022,isodepth_vs_score,interface,snai1ac_em_unsmoothed_corrected,Unsmoothed corrected,-0.060291498247509616,0.06295465360203005,952
supplementary_pearson_usable,4,supplementary_pearson,pearson,SP7,denisenko_2022,isodepth_vs_score,interface,snai1ac_em_unsmoothed_uncorrected,Unsmoothed uncorrected,0.02418249088933728,0.4561101498180483,952
supplementary_pearson_usable,4,supplementary_pearson,pearson,SP7,denisenko_2022,isodepth_vs_score,stroma,snai1ac_em_smooth_corrected,Smoothed corrected,-0.22569680172266973,3.967792834834315e-11,837
supplementary_pearson_usable,4,supplementary_pearson,pearson,SP7,denisenko_2022,isodepth_vs_score,stroma,snai1ac_em_unsmoothed_corrected,Unsmoothed corrected,-0.12004510093581411,0.0005006243415661469,837
supplementary_pearson_usable,4,supplementary_pearson,pearson,SP7,denisenko_2022,isodepth_vs_score,stroma,snai1ac_em_unsmoothed_uncorrected,Unsmoothed uncorrected,0.04727719209984682,0.17178388161174787,837
supplementary_pearson_usable,4,supplementary_pearson,pearson,SP7,denisenko_2022,isodepth_vs_total_counts,all,,,0.07898178162398022,3.731464338789217e-06,3422
supplementary_pearson_usable,4,supplementary_pearson,pearson,SP7,denisenko_2022,isodepth_vs_n_genes_by_counts,all,,,0.10904040861379115,1.6015142824709998e-10,3422
supplementary_pearson_usable,4,supplementary_pearson,pearson,SP7,denisenko_2022,isodepth_vs_n_genes,all,,,0.10904040861379115,1.6015142824709998e-10,3422
supplementary_pearson_usable,4,supplementary_pearson,pearson,SP7,denisenko_2022,isodepth_vs_n_counts,all,,,0.07898178162398022,3.731464338789217e-06,3422
supplementary_pearson_usable,4,supplementary_pearson,pearson,SP7,denisenko_2022,isodepth_vs_Malignant,all,,,0.09785811246621974,9.684109127109805e-09,3422
supplementary_pearson_usable,4,supplementary_pearson,pearson,SP7,denisenko_2022,score_variant_vs_score_variant,all,snai1ac_em_smooth_corrected__vs__snai1ac_em_unsmoothed_corrected,Smoothed corrected vs Unsmoothed corrected,0.24983369054548354,7.448819092659405e-50,3422
supplementary_pearson_usable,4,supplementary_pearson,pearson,SP7,denisenko_2022,score_variant_vs_score_variant,all,snai1ac_em_smooth_corrected__vs__snai1ac_em_unsmoothed_uncorrected,Smoothed corrected vs Unsmoothed uncorrected,0.22543411915928258,1.109640235777822e-40,3422
supplementary_pearson_usable,4,supplementary_pearson,pearson,SP7,denisenko_2022,score_variant_vs_score_variant,all,snai1ac_em_unsmoothed_corrected__vs__snai1ac_em_unsmoothed_uncorrected,Unsmoothed corrected vs Unsmoothed uncorrected,0.893344203919467,0.0,3422
usable,4,primary_glmpca,glmpca,SP8,denisenko_2022,isodepth_vs_score,all,snai1ac_em_smooth_corrected,Smoothed corrected,-0.04166462049126573,0.021754177115642714,3033
usable,4,primary_glmpca,glmpca,SP8,denisenko_2022,isodepth_vs_score,all,snai1ac_em_unsmoothed_corrected,Unsmoothed corrected,-0.02279398236583975,0.2094891935057981,3033
usable,4,primary_glmpca,glmpca,SP8,denisenko_2022,isodepth_vs_score,all,snai1ac_em_unsmoothed_uncorrected,Unsmoothed uncorrected,0.3322535846408722,4.454157180949674e-79,3033
usable,4,primary_glmpca,glmpca,SP8,denisenko_2022,isodepth_vs_score,tumor,snai1ac_em_smooth_corrected,Smoothed corrected,-0.08186293153871355,0.0379606049313233,643
usable,4,primary_glmpca,glmpca,SP8,denisenko_2022,isodepth_vs_score,tumor,snai1ac_em_unsmoothed_corrected,Unsmoothed corrected,-0.1235325736002862,0.0016987061304860886,643
usable,4,primary_glmpca,glmpca,SP8,denisenko_2022,isodepth_vs_score,tumor,snai1ac_em_unsmoothed_uncorrected,Unsmoothed uncorrected,0.4715841736736277,6.476321767400131e-37,643
usable,4,primary_glmpca,glmpca,SP8,denisenko_2022,isodepth_vs_score,interface,snai1ac_em_smooth_corrected,Smoothed corrected,-0.24789152986053584,3.2586407309352774e-06,344
usable,4,primary_glmpca,glmpca,SP8,denisenko_2022,isodepth_vs_score,interface,snai1ac_em_unsmoothed_corrected,Unsmoothed corrected,-0.26057654608860725,9.569174213476163e-07,344
usable,4,primary_glmpca,glmpca,SP8,denisenko_2022,isodepth_vs_score,interface,snai1ac_em_unsmoothed_uncorrected,Unsmoothed uncorrected,0.06655012720095983,0.21825046605567744,344
usable,4,primary_glmpca,glmpca,SP8,denisenko_2022,isodepth_vs_score,stroma,snai1ac_em_smooth_corrected,Smoothed corrected,-0.2757334615680986,5.087056556700318e-37,2046
usable,4,primary_glmpca,glmpca,SP8,denisenko_2022,isodepth_vs_score,stroma,snai1ac_em_unsmoothed_corrected,Unsmoothed corrected,-0.1385419041542109,3.1104998856304136e-10,2046
usable,4,primary_glmpca,glmpca,SP8,denisenko_2022,isodepth_vs_score,stroma,snai1ac_em_unsmoothed_uncorrected,Unsmoothed uncorrected,0.0766372481862033,0.0005214340856118799,2046
usable,4,primary_glmpca,glmpca,SP8,denisenko_2022,isodepth_vs_total_counts,all,,,0.12234973105038084,1.3726666138985594e-11,3033
usable,4,primary_glmpca,glmpca,SP8,denisenko_2022,isodepth_vs_n_genes_by_counts,all,,,0.1330048574934342,1.9148382629896663e-13,3033
usable,4,primary_glmpca,glmpca,SP8,denisenko_2022,isodepth_vs_n_genes,all,,,0.1330048574934342,1.9148382629896663e-13,3033
usable,4,primary_glmpca,glmpca,SP8,denisenko_2022,isodepth_vs_n_counts,all,,,0.12234973105038084,1.3726666138985594e-11,3033
usable,4,primary_glmpca,glmpca,SP8,denisenko_2022,isodepth_vs_Malignant,all,,,0.3164940466011403,1.5515621222730164e-71,3033
usable,4,primary_glmpca,glmpca,SP8,denisenko_2022,score_variant_vs_score_variant,all,snai1ac_em_smooth_corrected__vs__snai1ac_em_unsmoothed_corrected,Smoothed corrected vs Unsmoothed corrected,0.41078274102613355,8.055537178448637e-124,3033
usable,4,primary_glmpca,glmpca,SP8,denisenko_2022,score_variant_vs_score_variant,all,snai1ac_em_smooth_corrected__vs__snai1ac_em_unsmoothed_uncorrected,Smoothed corrected vs Unsmoothed uncorrected,0.35785945901824756,2.5781770213672453e-92,3033
usable,4,primary_glmpca,glmpca,SP8,denisenko_2022,score_variant_vs_score_variant,all,snai1ac_em_unsmoothed_corrected__vs__snai1ac_em_unsmoothed_uncorrected,Unsmoothed corrected vs Unsmoothed uncorrected,0.8550653109413259,0.0,3033
usable,4,primary_glmpca,glmpca,CPS_OV19_LtOV1,ju_2024,isodepth_vs_score,all,snai1ac_em_smooth_corrected,Smoothed corrected,-0.05043113050801087,0.0010747256411927546,4202
usable,4,primary_glmpca,glmpca,CPS_OV19_LtOV1,ju_2024,isodepth_vs_score,all,snai1ac_em_unsmoothed_corrected,Unsmoothed corrected,-0.02318720918989196,0.1328866302422902,4202
usable,4,primary_glmpca,glmpca,CPS_OV19_LtOV1,ju_2024,isodepth_vs_score,all,snai1ac_em_unsmoothed_uncorrected,Unsmoothed uncorrected,0.08261187498966949,8.198214076987518e-08,4202
usable,4,primary_glmpca,glmpca,CPS_OV19_LtOV1,ju_2024,isodepth_vs_score,tumor,snai1ac_em_smooth_corrected,Smoothed corrected,-0.030595106872146893,0.14792262301986298,2238
usable,4,primary_glmpca,glmpca,CPS_OV19_LtOV1,ju_2024,isodepth_vs_score,tumor,snai1ac_em_unsmoothed_corrected,Unsmoothed corrected,-0.014142106237769217,0.5036948917183707,2238
usable,4,primary_glmpca,glmpca,CPS_OV19_LtOV1,ju_2024,isodepth_vs_score,tumor,snai1ac_em_unsmoothed_uncorrected,Unsmoothed uncorrected,0.08068660023149576,0.00013281436198167977,2238
usable,4,primary_glmpca,glmpca,CPS_OV19_LtOV1,ju_2024,isodepth_vs_score,interface,snai1ac_em_smooth_corrected,Smoothed corrected,-0.08919621654149032,0.00334902974515338,1080
usable,4,primary_glmpca,glmpca,CPS_OV19_LtOV1,ju_2024,isodepth_vs_score,interface,snai1ac_em_unsmoothed_corrected,Unsmoothed corrected,-0.05601858559740039,0.06572833307606933,1080
usable,4,primary_glmpca,glmpca,CPS_OV19_LtOV1,ju_2024,isodepth_vs_score,interface,snai1ac_em_unsmoothed_uncorrected,Unsmoothed uncorrected,0.04318402193417517,0.1561353200988656,1080
usable,4,primary_glmpca,glmpca,CPS_OV19_LtOV1,ju_2024,isodepth_vs_score,stroma,snai1ac_em_smooth_corrected,Smoothed corrected,-0.114352595146002,0.0006584595484258139,884
usable,4,primary_glmpca,glmpca,CPS_OV19_LtOV1,ju_2024,isodepth_vs_score,stroma,snai1ac_em_unsmoothed_corrected,Unsmoothed corrected,-0.05575917947004009,0.09756337633875076,884
usable,4,primary_glmpca,glmpca,CPS_OV19_LtOV1,ju_2024,isodepth_vs_score,stroma,snai1ac_em_unsmoothed_uncorrected,Unsmoothed uncorrected,-0.03375085997343799,0.3161741465224291,884
usable,4,primary_glmpca,glmpca,CPS_OV19_LtOV1,ju_2024,isodepth_vs_total_counts,all,,,0.3035003309755132,2.981562706886969e-90,4202
usable,4,primary_glmpca,glmpca,CPS_OV19_LtOV1,ju_2024,isodepth_vs_n_genes_by_counts,all,,,0.24716633765348897,1.602830418912043e-59,4202
usable,4,primary_glmpca,glmpca,CPS_OV19_LtOV1,ju_2024,isodepth_vs_n_genes,all,,,0.24716633765348897,1.602830418912043e-59,4202
usable,4,primary_glmpca,glmpca,CPS_OV19_LtOV1,ju_2024,isodepth_vs_n_counts,all,,,0.3035003309755132,2.981562706886969e-90,4202
usable,4,primary_glmpca,glmpca,CPS_OV19_LtOV1,ju_2024,isodepth_vs_Malignant,all,,,0.23804676503191852,3.229936798861724e-55,4202
usable,4,primary_glmpca,glmpca,CPS_OV19_LtOV1,ju_2024,score_variant_vs_score_variant,all,snai1ac_em_smooth_corrected__vs__snai1ac_em_unsmoothed_corrected,Smoothed corrected vs Unsmoothed corrected,0.1310697124962512,1.455830505913997e-17,4202
usable,4,primary_glmpca,glmpca,CPS_OV19_LtOV1,ju_2024,score_variant_vs_score_variant,all,snai1ac_em_smooth_corrected__vs__snai1ac_em_unsmoothed_uncorrected,Smoothed corrected vs Unsmoothed uncorrected,0.13112761516478205,1.4087555933514164e-17,4202
usable,4,primary_glmpca,glmpca,CPS_OV19_LtOV1,ju_2024,score_variant_vs_score_variant,all,snai1ac_em_unsmoothed_corrected__vs__snai1ac_em_unsmoothed_uncorrected,Unsmoothed corrected vs Unsmoothed uncorrected,0.983164708146815,0.0,4202
usable,3,primary_glmpca,glmpca,CPS_OV1RtOV3,ju_2024,isodepth_vs_score,all,snai1ac_em_smooth_corrected,Smoothed corrected,0.007995821991383732,0.6530060912010013,3164
usable,3,primary_glmpca,glmpca,CPS_OV1RtOV3,ju_2024,isodepth_vs_score,all,snai1ac_em_unsmoothed_corrected,Unsmoothed corrected,0.018223581187520935,0.30548288152012715,3164
usable,3,primary_glmpca,glmpca,CPS_OV1RtOV3,ju_2024,isodepth_vs_score,all,snai1ac_em_unsmoothed_uncorrected,Unsmoothed uncorrected,0.0076880368457819485,0.6655355149834263,3164
usable,3,primary_glmpca,glmpca,CPS_OV1RtOV3,ju_2024,isodepth_vs_score,tumor,snai1ac_em_smooth_corrected,Smoothed corrected,-0.014101266766752647,0.5122589219748881,2162
usable,3,primary_glmpca,glmpca,CPS_OV1RtOV3,ju_2024,isodepth_vs_score,tumor,snai1ac_em_unsmoothed_corrected,Unsmoothed corrected,-0.019554521972047746,0.36345899900194156,2162
usable,3,primary_glmpca,glmpca,CPS_OV1RtOV3,ju_2024,isodepth_vs_score,tumor,snai1ac_em_unsmoothed_uncorrected,Unsmoothed uncorrected,-0.051697004380986025,0.01621725664662666,2162
usable,3,primary_glmpca,glmpca,CPS_OV1RtOV3,ju_2024,isodepth_vs_score,interface,snai1ac_em_smooth_corrected,Smoothed corrected,0.010301423754679167,0.7577403828447393,899
usable,3,primary_glmpca,glmpca,CPS_OV1RtOV3,ju_2024,isodepth_vs_score,interface,snai1ac_em_unsmoothed_corrected,Unsmoothed corrected,-0.01792472540222453,0.591448398185829,899
usable,3,primary_glmpca,glmpca,CPS_OV1RtOV3,ju_2024,isodepth_vs_score,interface,snai1ac_em_unsmoothed_uncorrected,Unsmoothed uncorrected,-0.01802157504084098,0.5894461295093082,899
usable,3,primary_glmpca,glmpca,CPS_OV1RtOV3,ju_2024,isodepth_vs_score,stroma,snai1ac_em_smooth_corrected,Smoothed corrected,-0.04443614637789395,0.6558182546955575,103
usable,3,primary_glmpca,glmpca,CPS_OV1RtOV3,ju_2024,isodepth_vs_score,stroma,snai1ac_em_unsmoothed_corrected,Unsmoothed corrected,0.018692615208891622,0.8513388451449582,103
usable,3,primary_glmpca,glmpca,CPS_OV1RtOV3,ju_2024,isodepth_vs_score,stroma,snai1ac_em_unsmoothed_uncorrected,Unsmoothed uncorrected,0.060218336774590354,0.5456844229417774,103
usable,3,primary_glmpca,glmpca,CPS_OV1RtOV3,ju_2024,isodepth_vs_total_counts,all,,,0.2695564175835067,8.392635408081771e-54,3164
usable,3,primary_glmpca,glmpca,CPS_OV1RtOV3,ju_2024,isodepth_vs_n_genes_by_counts,all,,,0.2378378368487283,6.190044701750892e-42,3164
usable,3,primary_glmpca,glmpca,CPS_OV1RtOV3,ju_2024,isodepth_vs_n_genes,all,,,0.2378378368487283,6.190044701750892e-42,3164
usable,3,primary_glmpca,glmpca,CPS_OV1RtOV3,ju_2024,isodepth_vs_n_counts,all,,,0.2695564175835067,8.392635408081771e-54,3164
usable,3,primary_glmpca,glmpca,CPS_OV1RtOV3,ju_2024,isodepth_vs_Malignant,all,,,0.24910630488077246,5.84364023753431e-46,3164
usable,3,primary_glmpca,glmpca,CPS_OV1RtOV3,ju_2024,score_variant_vs_score_variant,all,snai1ac_em_smooth_corrected__vs__snai1ac_em_unsmoothed_corrected,Smoothed corrected vs Unsmoothed corrected,0.08895995966629502,5.389235545957853e-07,3164
usable,3,primary_glmpca,glmpca,CPS_OV1RtOV3,ju_2024,score_variant_vs_score_variant,all,snai1ac_em_smooth_corrected__vs__snai1ac_em_unsmoothed_uncorrected,Smoothed corrected vs Unsmoothed uncorrected,0.08357364022955409,2.509578244436824e-06,3164
usable,3,primary_glmpca,glmpca,CPS_OV1RtOV3,ju_2024,score_variant_vs_score_variant,all,snai1ac_em_unsmoothed_corrected__vs__snai1ac_em_unsmoothed_uncorrected,Unsmoothed corrected vs Unsmoothed uncorrected,0.9705789670992566,0.0,3164
supplementary_pearson_usable,4,supplementary_pearson,pearson,CPS_OV20RtOV4,ju_2024,isodepth_vs_score,all,snai1ac_em_smooth_corrected,Smoothed corrected,0.005915378467837321,0.7446121951381439,3035
supplementary_pearson_usable,4,supplementary_pearson,pearson,CPS_OV20RtOV4,ju_2024,isodepth_vs_score,all,snai1ac_em_unsmoothed_corrected,Unsmoothed corrected,0.006236711246660565,0.7312618846100015,3035
supplementary_pearson_usable,4,supplementary_pearson,pearson,CPS_OV20RtOV4,ju_2024,isodepth_vs_score,all,snai1ac_em_unsmoothed_uncorrected,Unsmoothed uncorrected,0.16847863399074872,9.217069778813704e-21,3035
supplementary_pearson_usable,4,supplementary_pearson,pearson,CPS_OV20RtOV4,ju_2024,isodepth_vs_score,tumor,snai1ac_em_smooth_corrected,Smoothed corrected,-0.00624806856201714,0.7800528541353029,2000
supplementary_pearson_usable,4,supplementary_pearson,pearson,CPS_OV20RtOV4,ju_2024,isodepth_vs_score,tumor,snai1ac_em_unsmoothed_corrected,Unsmoothed corrected,-0.012801829700457425,0.5671995279337456,2000
supplementary_pearson_usable,4,supplementary_pearson,pearson,CPS_OV20RtOV4,ju_2024,isodepth_vs_score,tumor,snai1ac_em_unsmoothed_uncorrected,Unsmoothed uncorrected,0.10559867789966947,2.214417980192035e-06,2000
supplementary_pearson_usable,4,supplementary_pearson,pearson,CPS_OV20RtOV4,ju_2024,isodepth_vs_score,interface,snai1ac_em_smooth_corrected,Smoothed corrected,-0.0701657132120835,0.0725095319557153,656
supplementary_pearson_usable,4,supplementary_pearson,pearson,CPS_OV20RtOV4,ju_2024,isodepth_vs_score,interface,snai1ac_em_unsmoothed_corrected,Unsmoothed corrected,-0.06624252177897706,0.09002554308879657,656
supplementary_pearson_usable,4,supplementary_pearson,pearson,CPS_OV20RtOV4,ju_2024,isodepth_vs_score,interface,snai1ac_em_unsmoothed_uncorrected,Unsmoothed uncorrected,0.05312004516050599,0.1741777207368679,656
supplementary_pearson_usable,4,supplementary_pearson,pearson,CPS_OV20RtOV4,ju_2024,isodepth_vs_score,stroma,snai1ac_em_smooth_corrected,Smoothed corrected,-0.031760359562053773,0.537616455957871,379
supplementary_pearson_usable,4,supplementary_pearson,pearson,CPS_OV20RtOV4,ju_2024,isodepth_vs_score,stroma,snai1ac_em_unsmoothed_corrected,Unsmoothed corrected,-0.0356513535377582,0.4889466218419075,379
supplementary_pearson_usable,4,supplementary_pearson,pearson,CPS_OV20RtOV4,ju_2024,isodepth_vs_score,stroma,snai1ac_em_unsmoothed_uncorrected,Unsmoothed uncorrected,0.026011158062262073,0.6137021575796535,379
supplementary_pearson_usable,4,supplementary_pearson,pearson,CPS_OV20RtOV4,ju_2024,isodepth_vs_total_counts,all,,,0.4592497673364524,3.0937960694691093e-158,3035
supplementary_pearson_usable,4,supplementary_pearson,pearson,CPS_OV20RtOV4,ju_2024,isodepth_vs_n_genes_by_counts,all,,,0.4148366777299091,1.4596257608667518e-126,3035
supplementary_pearson_usable,4,supplementary_pearson,pearson,CPS_OV20RtOV4,ju_2024,isodepth_vs_n_genes,all,,,0.4148366777299091,1.4596257608667518e-126,3035
supplementary_pearson_usable,4,supplementary_pearson,pearson,CPS_OV20RtOV4,ju_2024,isodepth_vs_n_counts,all,,,0.4592497673364524,3.0937960694691093e-158,3035
supplementary_pearson_usable,4,supplementary_pearson,pearson,CPS_OV20RtOV4,ju_2024,isodepth_vs_Malignant,all,,,0.4535622241510611,6.529369503326007e-154,3035
supplementary_pearson_usable,4,supplementary_pearson,pearson,CPS_OV20RtOV4,ju_2024,score_variant_vs_score_variant,all,snai1ac_em_smooth_corrected__vs__snai1ac_em_unsmoothed_corrected,Smoothed corrected vs Unsmoothed corrected,0.12732090315183286,1.922497202797556e-12,3035
supplementary_pearson_usable,4,supplementary_pearson,pearson,CPS_OV20RtOV4,ju_2024,score_variant_vs_score_variant,all,snai1ac_em_smooth_corrected__vs__snai1ac_em_unsmoothed_uncorrected,Smoothed corrected vs Unsmoothed uncorrected,0.12099696289014615,2.2676568491561074e-11,3035
supplementary_pearson_usable,4,supplementary_pearson,pearson,CPS_OV20RtOV4,ju_2024,score_variant_vs_score_variant,all,snai1ac_em_unsmoothed_corrected__vs__snai1ac_em_unsmoothed_uncorrected,Unsmoothed corrected vs Unsmoothed uncorrected,0.9567043965977581,0.0,3035
usable,5,primary_glmpca,glmpca,CPS_OV24RTOV4,ju_2024,isodepth_vs_score,all,snai1ac_em_smooth_corrected,Smoothed corrected,-0.02267517735416332,0.12918710694038862,4479
usable,5,primary_glmpca,glmpca,CPS_OV24RTOV4,ju_2024,isodepth_vs_score,all,snai1ac_em_unsmoothed_corrected,Unsmoothed corrected,-0.01360053903691183,0.3628179680058111,4479
usable,5,primary_glmpca,glmpca,CPS_OV24RTOV4,ju_2024,isodepth_vs_score,all,snai1ac_em_unsmoothed_uncorrected,Unsmoothed uncorrected,-0.1300213232064322,2.4065847927202054e-18,4479
usable,5,primary_glmpca,glmpca,CPS_OV24RTOV4,ju_2024,isodepth_vs_score,tumor,snai1ac_em_smooth_corrected,Smoothed corrected,0.08553097788929714,7.755838253323694e-06,2726
usable,5,primary_glmpca,glmpca,CPS_OV24RTOV4,ju_2024,isodepth_vs_score,tumor,snai1ac_em_unsmoothed_corrected,Unsmoothed corrected,0.030163877494186246,0.11536601904906879,2726
usable,5,primary_glmpca,glmpca,CPS_OV24RTOV4,ju_2024,isodepth_vs_score,tumor,snai1ac_em_unsmoothed_uncorrected,Unsmoothed uncorrected,-0.05177827077504037,0.006851546541153079,2726
usable,5,primary_glmpca,glmpca,CPS_OV24RTOV4,ju_2024,isodepth_vs_score,interface,snai1ac_em_smooth_corrected,Smoothed corrected,0.03442204727768194,0.30202225161201324,901
usable,5,primary_glmpca,glmpca,CPS_OV24RTOV4,ju_2024,isodepth_vs_score,interface,snai1ac_em_unsmoothed_corrected,Unsmoothed corrected,0.022481335922228153,0.5003348120856954,901
usable,5,primary_glmpca,glmpca,CPS_OV24RTOV4,ju_2024,isodepth_vs_score,interface,snai1ac_em_unsmoothed_uncorrected,Unsmoothed uncorrected,-0.08127922247843201,0.014671710437199044,901
usable,5,primary_glmpca,glmpca,CPS_OV24RTOV4,ju_2024,isodepth_vs_score,stroma,snai1ac_em_smooth_corrected,Smoothed corrected,-0.48110455451571316,1.4489617062631689e-50,852
usable,5,primary_glmpca,glmpca,CPS_OV24RTOV4,ju_2024,isodepth_vs_score,stroma,snai1ac_em_unsmoothed_corrected,Unsmoothed corrected,-0.28913052888589685,7.202140571583849e-18,852
usable,5,primary_glmpca,glmpca,CPS_OV24RTOV4,ju_2024,isodepth_vs_score,stroma,snai1ac_em_unsmoothed_uncorrected,Unsmoothed uncorrected,-0.5144980573200408,9.325752855646482e-59,852
usable,5,primary_glmpca,glmpca,CPS_OV24RTOV4,ju_2024,isodepth_vs_total_counts,all,,,0.14799537190315828,2.356448412399696e-23,4479
usable,5,primary_glmpca,glmpca,CPS_OV24RTOV4,ju_2024,isodepth_vs_n_genes_by_counts,all,,,0.09427329546572298,2.588803330864383e-10,4479
usable,5,primary_glmpca,glmpca,CPS_OV24RTOV4,ju_2024,isodepth_vs_n_genes,all,,,0.09427329546572298,2.588803330864383e-10,4479
usable,5,primary_glmpca,glmpca,CPS_OV24RTOV4,ju_2024,isodepth_vs_n_counts,all,,,0.14799537190315828,2.356448412399696e-23,4479
usable,5,primary_glmpca,glmpca,CPS_OV24RTOV4,ju_2024,isodepth_vs_Malignant,all,,,0.13844814119959653,1.3031374070503525e-20,4479
usable,5,primary_glmpca,glmpca,CPS_OV24RTOV4,ju_2024,score_variant_vs_score_variant,all,snai1ac_em_smooth_corrected__vs__snai1ac_em_unsmoothed_corrected,Smoothed corrected vs Unsmoothed corrected,0.3457949841182329,5.390998413203461e-126,4479
usable,5,primary_glmpca,glmpca,CPS_OV24RTOV4,ju_2024,score_variant_vs_score_variant,all,snai1ac_em_smooth_corrected__vs__snai1ac_em_unsmoothed_uncorrected,Smoothed corrected vs Unsmoothed uncorrected,0.3123243735916172,6.300840808711659e-102,4479
usable,5,primary_glmpca,glmpca,CPS_OV24RTOV4,ju_2024,score_variant_vs_score_variant,all,snai1ac_em_unsmoothed_corrected__vs__snai1ac_em_unsmoothed_uncorrected,Unsmoothed corrected vs Unsmoothed uncorrected,0.943265053979662,0.0,4479
usable_qc_caveat,4,primary_glmpca,glmpca,CPS_OV34RtOV1,ju_2024,isodepth_vs_score,all,snai1ac_em_smooth_corrected,Smoothed corrected,0.17075309048626486,2.090285432536206e-24,3515
usable_qc_caveat,4,primary_glmpca,glmpca,CPS_OV34RtOV1,ju_2024,isodepth_vs_score,all,snai1ac_em_unsmoothed_corrected,Unsmoothed corrected,0.09253627821876832,3.8832027986057476e-08,3515
usable_qc_caveat,4,primary_glmpca,glmpca,CPS_OV34RtOV1,ju_2024,isodepth_vs_score,all,snai1ac_em_unsmoothed_uncorrected,Unsmoothed uncorrected,0.4308522912204756,7.065964729489018e-159,3515
usable_qc_caveat,4,primary_glmpca,glmpca,CPS_OV34RtOV1,ju_2024,isodepth_vs_score,tumor,snai1ac_em_smooth_corrected,Smoothed corrected,-0.02699953538278923,0.22980407562205274,1980
usable_qc_caveat,4,primary_glmpca,glmpca,CPS_OV34RtOV1,ju_2024,isodepth_vs_score,tumor,snai1ac_em_unsmoothed_corrected,Unsmoothed corrected,-0.07944936835317637,0.00040220019684116253,1980
usable_qc_caveat,4,primary_glmpca,glmpca,CPS_OV34RtOV1,ju_2024,isodepth_vs_score,tumor,snai1ac_em_unsmoothed_uncorrected,Unsmoothed uncorrected,0.07577183914806693,0.0007398847597569629,1980
usable_qc_caveat,4,primary_glmpca,glmpca,CPS_OV34RtOV1,ju_2024,isodepth_vs_score,interface,snai1ac_em_smooth_corrected,Smoothed corrected,-0.12544200647847098,0.0009350729046361671,693
usable_qc_caveat,4,primary_glmpca,glmpca,CPS_OV34RtOV1,ju_2024,isodepth_vs_score,interface,snai1ac_em_unsmoothed_corrected,Unsmoothed corrected,-0.1290113383698365,0.0006633019374353842,693
usable_qc_caveat,4,primary_glmpca,glmpca,CPS_OV34RtOV1,ju_2024,isodepth_vs_score,interface,snai1ac_em_unsmoothed_uncorrected,Unsmoothed uncorrected,0.20363600562901812,6.381037248141436e-08,693
usable_qc_caveat,4,primary_glmpca,glmpca,CPS_OV34RtOV1,ju_2024,isodepth_vs_score,stroma,snai1ac_em_smooth_corrected,Smoothed corrected,0.08643944489489773,0.012100310074817922,842
usable_qc_caveat,4,primary_glmpca,glmpca,CPS_OV34RtOV1,ju_2024,isodepth_vs_score,stroma,snai1ac_em_unsmoothed_corrected,Unsmoothed corrected,0.024575886610849102,0.4763579817399176,842
usable_qc_caveat,4,primary_glmpca,glmpca,CPS_OV34RtOV1,ju_2024,isodepth_vs_score,stroma,snai1ac_em_unsmoothed_uncorrected,Unsmoothed uncorrected,0.2545093469251047,6.480052646062003e-14,842
usable_qc_caveat,4,primary_glmpca,glmpca,CPS_OV34RtOV1,ju_2024,isodepth_vs_total_counts,all,,,0.25732486644090885,2.8486771614345027e-54,3515
usable_qc_caveat,4,primary_glmpca,glmpca,CPS_OV34RtOV1,ju_2024,isodepth_vs_n_genes_by_counts,all,,,0.5246860138688197,6.048673963445157e-248,3515
usable_qc_caveat,4,primary_glmpca,glmpca,CPS_OV34RtOV1,ju_2024,isodepth_vs_n_genes,all,,,0.5246860138688197,6.048673963445157e-248,3515
usable_qc_caveat,4,primary_glmpca,glmpca,CPS_OV34RtOV1,ju_2024,isodepth_vs_n_counts,all,,,0.25732486644090885,2.8486771614345027e-54,3515
usable_qc_caveat,4,primary_glmpca,glmpca,CPS_OV34RtOV1,ju_2024,isodepth_vs_Malignant,all,,,0.6504577296251749,0.0,3515
usable_qc_caveat,4,primary_glmpca,glmpca,CPS_OV34RtOV1,ju_2024,score_variant_vs_score_variant,all,snai1ac_em_smooth_corrected__vs__snai1ac_em_unsmoothed_corrected,Smoothed corrected vs Unsmoothed corrected,0.20927837041303066,4.381217462476833e-36,3515
usable_qc_caveat,4,primary_glmpca,glmpca,CPS_OV34RtOV1,ju_2024,score_variant_vs_score_variant,all,snai1ac_em_smooth_corrected__vs__snai1ac_em_unsmoothed_uncorrected,Smoothed corrected vs Unsmoothed uncorrected,0.1997617930705585,5.763948097746994e-33,3515
usable_qc_caveat,4,primary_glmpca,glmpca,CPS_OV34RtOV1,ju_2024,score_variant_vs_score_variant,all,snai1ac_em_unsmoothed_corrected__vs__snai1ac_em_unsmoothed_uncorrected,Unsmoothed corrected vs Unsmoothed uncorrected,0.8907511176224446,0.0,3515
usable,4,primary_glmpca,glmpca,CPS_OV5LtOV4,ju_2024,isodepth_vs_score,all,snai1ac_em_smooth_corrected,Smoothed corrected,0.05484849221035913,0.0010184701485915018,3585
usable,4,primary_glmpca,glmpca,CPS_OV5LtOV4,ju_2024,isodepth_vs_score,all,snai1ac_em_unsmoothed_corrected,Unsmoothed corrected,0.03797927468480898,0.02296409295329141,3585
usable,4,primary_glmpca,glmpca,CPS_OV5LtOV4,ju_2024,isodepth_vs_score,all,snai1ac_em_unsmoothed_uncorrected,Unsmoothed uncorrected,0.1645615910620234,3.4992610113687864e-23,3585
usable,4,primary_glmpca,glmpca,CPS_OV5LtOV4,ju_2024,isodepth_vs_score,tumor,snai1ac_em_smooth_corrected,Smoothed corrected,0.0019221920707177124,0.9353010789079317,1786
usable,4,primary_glmpca,glmpca,CPS_OV5LtOV4,ju_2024,isodepth_vs_score,tumor,snai1ac_em_unsmoothed_corrected,Unsmoothed corrected,-0.03800396683230706,0.10837397667019633,1786
usable,4,primary_glmpca,glmpca,CPS_OV5LtOV4,ju_2024,isodepth_vs_score,tumor,snai1ac_em_unsmoothed_uncorrected,Unsmoothed uncorrected,0.0869313486951275,0.00023487971561481598,1786
usable,4,primary_glmpca,glmpca,CPS_OV5LtOV4,ju_2024,isodepth_vs_score,interface,snai1ac_em_smooth_corrected,Smoothed corrected,-0.0016289722698080004,0.9560133460347086,1149
usable,4,primary_glmpca,glmpca,CPS_OV5LtOV4,ju_2024,isodepth_vs_score,interface,snai1ac_em_unsmoothed_corrected,Unsmoothed corrected,0.0449032684738407,0.12821158427955248,1149
usable,4,primary_glmpca,glmpca,CPS_OV5LtOV4,ju_2024,isodepth_vs_score,interface,snai1ac_em_unsmoothed_uncorrected,Unsmoothed uncorrected,0.17918387236999853,9.551139302214044e-10,1149
usable,4,primary_glmpca,glmpca,CPS_OV5LtOV4,ju_2024,isodepth_vs_score,stroma,snai1ac_em_smooth_corrected,Smoothed corrected,0.09458523980120483,0.015855345678266266,650
usable,4,primary_glmpca,glmpca,CPS_OV5LtOV4,ju_2024,isodepth_vs_score,stroma,snai1ac_em_unsmoothed_corrected,Unsmoothed corrected,0.04379316692055894,0.26489458754461664,650
usable,4,primary_glmpca,glmpca,CPS_OV5LtOV4,ju_2024,isodepth_vs_score,stroma,snai1ac_em_unsmoothed_uncorrected,Unsmoothed uncorrected,0.17294397237535566,9.241859302622434e-06,650
usable,4,primary_glmpca,glmpca,CPS_OV5LtOV4,ju_2024,isodepth_vs_total_counts,all,,,0.012803213581393693,0.4434652098408599,3585
usable,4,primary_glmpca,glmpca,CPS_OV5LtOV4,ju_2024,isodepth_vs_n_genes_by_counts,all,,,0.09732826637176957,5.240409404691657e-09,3585
usable,4,primary_glmpca,glmpca,CPS_OV5LtOV4,ju_2024,isodepth_vs_n_genes,all,,,0.09732826637176957,5.240409404691657e-09,3585
usable,4,primary_glmpca,glmpca,CPS_OV5LtOV4,ju_2024,isodepth_vs_n_counts,all,,,0.012803213581393693,0.4434652098408599,3585
usable,4,primary_glmpca,glmpca,CPS_OV5LtOV4,ju_2024,isodepth_vs_Malignant,all,,,0.1295499262004778,6.8665465002221205e-15,3585
usable,4,primary_glmpca,glmpca,CPS_OV5LtOV4,ju_2024,score_variant_vs_score_variant,all,snai1ac_em_smooth_corrected__vs__snai1ac_em_unsmoothed_corrected,Smoothed corrected vs Unsmoothed corrected,0.20097698982294493,5.497440196317989e-34,3585
usable,4,primary_glmpca,glmpca,CPS_OV5LtOV4,ju_2024,score_variant_vs_score_variant,all,snai1ac_em_smooth_corrected__vs__snai1ac_em_unsmoothed_uncorrected,Smoothed corrected vs Unsmoothed uncorrected,0.19013471219433078,1.5649843366201915e-30,3585
usable,4,primary_glmpca,glmpca,CPS_OV5LtOV4,ju_2024,score_variant_vs_score_variant,all,snai1ac_em_unsmoothed_corrected__vs__snai1ac_em_unsmoothed_uncorrected,Unsmoothed corrected vs Unsmoothed uncorrected,0.966917117803712,0.0,3585
usable,4,primary_glmpca,glmpca,CPS_OV71_1,ju_2024,isodepth_vs_score,all,snai1ac_em_smooth_corrected,Smoothed corrected,-0.013376147176147992,0.5343791762836666,2160
usable,4,primary_glmpca,glmpca,CPS_OV71_1,ju_2024,isodepth_vs_score,all,snai1ac_em_unsmoothed_corrected,Unsmoothed corrected,-0.004632546765282562,0.8296286647871579,2160
usable,4,primary_glmpca,glmpca,CPS_OV71_1,ju_2024,isodepth_vs_score,all,snai1ac_em_unsmoothed_uncorrected,Unsmoothed uncorrected,0.1419393328521992,3.43737832636555e-11,2160
usable,4,primary_glmpca,glmpca,CPS_OV71_1,ju_2024,isodepth_vs_score,tumor,snai1ac_em_smooth_corrected,Smoothed corrected,-0.2974520384090866,3.604363064272126e-20,916
usable,4,primary_glmpca,glmpca,CPS_OV71_1,ju_2024,isodepth_vs_score,tumor,snai1ac_em_unsmoothed_corrected,Unsmoothed corrected,-0.17569511489571116,8.702498380163549e-08,916
usable,4,primary_glmpca,glmpca,CPS_OV71_1,ju_2024,isodepth_vs_score,tumor,snai1ac_em_unsmoothed_uncorrected,Unsmoothed uncorrected,0.036069851820977945,0.27547709612565874,916
usable,4,primary_glmpca,glmpca,CPS_OV71_1,ju_2024,isodepth_vs_score,interface,snai1ac_em_smooth_corrected,Smoothed corrected,-0.002053183285167912,0.9636938531088898,494
usable,4,primary_glmpca,glmpca,CPS_OV71_1,ju_2024,isodepth_vs_score,interface,snai1ac_em_unsmoothed_corrected,Unsmoothed corrected,-0.03405164637149264,0.45016656279603584,494
usable,4,primary_glmpca,glmpca,CPS_OV71_1,ju_2024,isodepth_vs_score,interface,snai1ac_em_unsmoothed_uncorrected,Unsmoothed uncorrected,0.012086706369324922,0.7887226324177272,494
usable,4,primary_glmpca,glmpca,CPS_OV71_1,ju_2024,isodepth_vs_score,stroma,snai1ac_em_smooth_corrected,Smoothed corrected,0.053109043749411104,0.14620968219340813,750
usable,4,primary_glmpca,glmpca,CPS_OV71_1,ju_2024,isodepth_vs_score,stroma,snai1ac_em_unsmoothed_corrected,Unsmoothed corrected,0.020125660667841182,0.5821133901355038,750
usable,4,primary_glmpca,glmpca,CPS_OV71_1,ju_2024,isodepth_vs_score,stroma,snai1ac_em_unsmoothed_uncorrected,Unsmoothed uncorrected,0.03842158671519053,0.2933268099391954,750
usable,4,primary_glmpca,glmpca,CPS_OV71_1,ju_2024,isodepth_vs_total_counts,all,,,0.36054828964507957,2.633265535228415e-67,2160
usable,4,primary_glmpca,glmpca,CPS_OV71_1,ju_2024,isodepth_vs_n_genes_by_counts,all,,,0.3731376978491789,2.5352309705896317e-72,2160
usable,4,primary_glmpca,glmpca,CPS_OV71_1,ju_2024,isodepth_vs_n_genes,all,,,0.3731376978491789,2.5352309705896317e-72,2160
usable,4,primary_glmpca,glmpca,CPS_OV71_1,ju_2024,isodepth_vs_n_counts,all,,,0.36054828964507957,2.633265535228415e-67,2160
usable,4,primary_glmpca,glmpca,CPS_OV71_1,ju_2024,isodepth_vs_Malignant,all,,,0.37539868733811194,3.0139816476228776e-73,2160
usable,4,primary_glmpca,glmpca,CPS_OV71_1,ju_2024,score_variant_vs_score_variant,all,snai1ac_em_smooth_corrected__vs__snai1ac_em_unsmoothed_corrected,Smoothed corrected vs Unsmoothed corrected,0.12220691633950255,1.2140314413577545e-08,2160
usable,4,primary_glmpca,glmpca,CPS_OV71_1,ju_2024,score_variant_vs_score_variant,all,snai1ac_em_smooth_corrected__vs__snai1ac_em_unsmoothed_uncorrected,Smoothed corrected vs Unsmoothed uncorrected,0.11919878003710276,2.752816201505956e-08,2160
usable,4,primary_glmpca,glmpca,CPS_OV71_1,ju_2024,score_variant_vs_score_variant,all,snai1ac_em_unsmoothed_corrected__vs__snai1ac_em_unsmoothed_uncorrected,Unsmoothed corrected vs Unsmoothed uncorrected,0.9582925769403396,0.0,2160
usable,3,primary_glmpca,glmpca,Pt1-1,yamamoto_2025,isodepth_vs_score,all,snai1ac_em_smooth_corrected,Smoothed corrected,-0.002350768343760008,0.9269163031391536,1525
usable,3,primary_glmpca,glmpca,Pt1-1,yamamoto_2025,isodepth_vs_score,all,snai1ac_em_unsmoothed_corrected,Unsmoothed corrected,-0.014013613014871864,0.5844974555916946,1525
usable,3,primary_glmpca,glmpca,Pt1-1,yamamoto_2025,isodepth_vs_score,all,snai1ac_em_unsmoothed_uncorrected,Unsmoothed uncorrected,-0.012089381066801153,0.6371155637914405,1525
usable,3,primary_glmpca,glmpca,Pt1-1,yamamoto_2025,isodepth_vs_score,tumor,snai1ac_em_smooth_corrected,Smoothed corrected,-0.12376536834432737,0.005171270370969152,509
usable,3,primary_glmpca,glmpca,Pt1-1,yamamoto_2025,isodepth_vs_score,tumor,snai1ac_em_unsmoothed_corrected,Unsmoothed corrected,-0.17323662723137306,8.546697901541886e-05,509
usable,3,primary_glmpca,glmpca,Pt1-1,yamamoto_2025,isodepth_vs_score,tumor,snai1ac_em_unsmoothed_uncorrected,Unsmoothed uncorrected,-0.0504167231609628,0.25621665942798166,509
usable,3,primary_glmpca,glmpca,Pt1-1,yamamoto_2025,isodepth_vs_score,interface,snai1ac_em_smooth_corrected,Smoothed corrected,-0.14782828282828284,0.005521113715264371,351
usable,3,primary_glmpca,glmpca,Pt1-1,yamamoto_2025,isodepth_vs_score,interface,snai1ac_em_unsmoothed_corrected,Unsmoothed corrected,-0.044079254079254074,0.41034936189158533,351
usable,3,primary_glmpca,glmpca,Pt1-1,yamamoto_2025,isodepth_vs_score,interface,snai1ac_em_unsmoothed_uncorrected,Unsmoothed uncorrected,0.01082195582195582,0.8398917339504437,351
usable,3,primary_glmpca,glmpca,Pt1-1,yamamoto_2025,isodepth_vs_score,stroma,snai1ac_em_smooth_corrected,Smoothed corrected,0.1386034281405239,0.00033728329014827494,665
usable,3,primary_glmpca,glmpca,Pt1-1,yamamoto_2025,isodepth_vs_score,stroma,snai1ac_em_unsmoothed_corrected,Unsmoothed corrected,0.07268851875700323,0.06101120146177741,665
usable,3,primary_glmpca,glmpca,Pt1-1,yamamoto_2025,isodepth_vs_score,stroma,snai1ac_em_unsmoothed_uncorrected,Unsmoothed uncorrected,-0.04088281596208039,0.2924665047850044,665
usable,3,primary_glmpca,glmpca,Pt1-1,yamamoto_2025,isodepth_vs_total_counts,all,,,0.2535813976510641,8.349283572223293e-24,1525
usable,3,primary_glmpca,glmpca,Pt1-1,yamamoto_2025,isodepth_vs_n_genes_by_counts,all,,,0.22489697908805295,6.142820112436644e-19,1525
usable,3,primary_glmpca,glmpca,Pt1-1,yamamoto_2025,isodepth_vs_n_genes,all,,,0.22489697908805295,6.142820112436644e-19,1525
usable,3,primary_glmpca,glmpca,Pt1-1,yamamoto_2025,isodepth_vs_n_counts,all,,,0.2535813976510641,8.349283572223293e-24,1525
usable,3,primary_glmpca,glmpca,Pt1-1,yamamoto_2025,isodepth_vs_Malignant,all,,,0.1565706568539125,7.885529633265611e-10,1525
usable,3,primary_glmpca,glmpca,Pt1-1,yamamoto_2025,score_variant_vs_score_variant,all,snai1ac_em_smooth_corrected__vs__snai1ac_em_unsmoothed_corrected,Smoothed corrected vs Unsmoothed corrected,0.42429828246202267,1.0942063596645339e-67,1525
usable,3,primary_glmpca,glmpca,Pt1-1,yamamoto_2025,score_variant_vs_score_variant,all,snai1ac_em_smooth_corrected__vs__snai1ac_em_unsmoothed_uncorrected,Smoothed corrected vs Unsmoothed uncorrected,0.41005834415080733,6.477620427469177e-63,1525
usable,3,primary_glmpca,glmpca,Pt1-1,yamamoto_2025,score_variant_vs_score_variant,all,snai1ac_em_unsmoothed_corrected__vs__snai1ac_em_unsmoothed_uncorrected,Unsmoothed corrected vs Unsmoothed uncorrected,0.9434293611478742,0.0,1525
usable_qc_caveat,4,primary_glmpca,glmpca,Pt1-2,yamamoto_2025,isodepth_vs_score,all,snai1ac_em_smooth_corrected,Smoothed corrected,0.10914536669994723,0.00023550454467111955,1131
usable_qc_caveat,4,primary_glmpca,glmpca,Pt1-2,yamamoto_2025,isodepth_vs_score,all,snai1ac_em_unsmoothed_corrected,Unsmoothed corrected,0.09043316141735255,0.0023331970116773535,1131
usable_qc_caveat,4,primary_glmpca,glmpca,Pt1-2,yamamoto_2025,isodepth_vs_score,all,snai1ac_em_unsmoothed_uncorrected,Unsmoothed uncorrected,0.36781024981331,1.4874162643056191e-37,1131
usable_qc_caveat,4,primary_glmpca,glmpca,Pt1-2,yamamoto_2025,isodepth_vs_score,tumor,snai1ac_em_smooth_corrected,Smoothed corrected,-0.3216822235269134,8.696802192182151e-18,678
usable_qc_caveat,4,primary_glmpca,glmpca,Pt1-2,yamamoto_2025,isodepth_vs_score,tumor,snai1ac_em_unsmoothed_corrected,Unsmoothed corrected,-0.3054424442823517,4.162526711757059e-16,678
usable_qc_caveat,4,primary_glmpca,glmpca,Pt1-2,yamamoto_2025,isodepth_vs_score,tumor,snai1ac_em_unsmoothed_uncorrected,Unsmoothed uncorrected,0.0021696945099469182,0.9550301153635576,678
usable_qc_caveat,4,primary_glmpca,glmpca,Pt1-2,yamamoto_2025,isodepth_vs_score,interface,snai1ac_em_smooth_corrected,Smoothed corrected,-0.2549090019678255,0.00012736809139181902,221
usable_qc_caveat,4,primary_glmpca,glmpca,Pt1-2,yamamoto_2025,isodepth_vs_score,interface,snai1ac_em_unsmoothed_corrected,Unsmoothed corrected,-0.2500138970727206,0.00017302182304711054,221
usable_qc_caveat,4,primary_glmpca,glmpca,Pt1-2,yamamoto_2025,isodepth_vs_score,interface,snai1ac_em_unsmoothed_uncorrected,Unsmoothed uncorrected,-0.05994418935595405,0.3751441789306943,221
usable_qc_caveat,4,primary_glmpca,glmpca,Pt1-2,yamamoto_2025,isodepth_vs_score,stroma,snai1ac_em_smooth_corrected,Smoothed corrected,0.340708721499013,1.0287887298046286e-07,232
usable_qc_caveat,4,primary_glmpca,glmpca,Pt1-2,yamamoto_2025,isodepth_vs_score,stroma,snai1ac_em_unsmoothed_corrected,Unsmoothed corrected,0.23874327537195672,0.00024255060600680435,232
usable_qc_caveat,4,primary_glmpca,glmpca,Pt1-2,yamamoto_2025,isodepth_vs_score,stroma,snai1ac_em_unsmoothed_uncorrected,Unsmoothed uncorrected,0.1853921570511773,0.004609052778356966,232
usable_qc_caveat,4,primary_glmpca,glmpca,Pt1-2,yamamoto_2025,isodepth_vs_total_counts,all,,,0.5680441091696139,1.2752661268907305e-97,1131
usable_qc_caveat,4,primary_glmpca,glmpca,Pt1-2,yamamoto_2025,isodepth_vs_n_genes_by_counts,all,,,0.6108418239833956,1.2488281986542254e-116,1131
usable_qc_caveat,4,primary_glmpca,glmpca,Pt1-2,yamamoto_2025,isodepth_vs_n_genes,all,,,0.6108418239833956,1.2488281986542254e-116,1131
usable_qc_caveat,4,primary_glmpca,glmpca,Pt1-2,yamamoto_2025,isodepth_vs_n_counts,all,,,0.5680441091696139,1.2752661268907305e-97,1131
usable_qc_caveat,4,primary_glmpca,glmpca,Pt1-2,yamamoto_2025,isodepth_vs_Malignant,all,,,0.668105179956869,3.98172857030723e-147,1131
usable_qc_caveat,4,primary_glmpca,glmpca,Pt1-2,yamamoto_2025,score_variant_vs_score_variant,all,snai1ac_em_smooth_corrected__vs__snai1ac_em_unsmoothed_corrected,Smoothed corrected vs Unsmoothed corrected,0.4702379703258512,2.7276195829241037e-63,1131
usable_qc_caveat,4,primary_glmpca,glmpca,Pt1-2,yamamoto_2025,score_variant_vs_score_variant,all,snai1ac_em_smooth_corrected__vs__snai1ac_em_unsmoothed_uncorrected,Smoothed corrected vs Unsmoothed uncorrected,0.3901889444523565,1.9499792111516065e-42,1131
usable_qc_caveat,4,primary_glmpca,glmpca,Pt1-2,yamamoto_2025,score_variant_vs_score_variant,all,snai1ac_em_unsmoothed_corrected__vs__snai1ac_em_unsmoothed_uncorrected,Unsmoothed corrected vs Unsmoothed uncorrected,0.8740692395697673,0.0,1131
usable,4,primary_glmpca,glmpca,Pt1-3,yamamoto_2025,isodepth_vs_score,all,snai1ac_em_smooth_corrected,Smoothed corrected,0.17490542236182396,3.2254262283647035e-15,2002
usable,4,primary_glmpca,glmpca,Pt1-3,yamamoto_2025,isodepth_vs_score,all,snai1ac_em_unsmoothed_corrected,Unsmoothed corrected,0.106107995885773,1.953865440079958e-06,2002
usable,4,primary_glmpca,glmpca,Pt1-3,yamamoto_2025,isodepth_vs_score,all,snai1ac_em_unsmoothed_uncorrected,Unsmoothed uncorrected,0.23368099197608305,3.101280222033532e-26,2002
usable,4,primary_glmpca,glmpca,Pt1-3,yamamoto_2025,isodepth_vs_score,tumor,snai1ac_em_smooth_corrected,Smoothed corrected,0.07180933718069549,0.0088250054360388,1329
usable,4,primary_glmpca,glmpca,Pt1-3,yamamoto_2025,isodepth_vs_score,tumor,snai1ac_em_unsmoothed_corrected,Unsmoothed corrected,-0.005152300166227803,0.8511479412388911,1329
usable,4,primary_glmpca,glmpca,Pt1-3,yamamoto_2025,isodepth_vs_score,tumor,snai1ac_em_unsmoothed_uncorrected,Unsmoothed uncorrected,0.04171271893187237,0.12853946357563822,1329
usable,4,primary_glmpca,glmpca,Pt1-3,yamamoto_2025,isodepth_vs_score,interface,snai1ac_em_smooth_corrected,Smoothed corrected,-0.06580048390078636,0.1648970478791754,447
usable,4,primary_glmpca,glmpca,Pt1-3,yamamoto_2025,isodepth_vs_score,interface,snai1ac_em_unsmoothed_corrected,Unsmoothed corrected,-0.12424813727218395,0.008544956981456502,447
usable,4,primary_glmpca,glmpca,Pt1-3,yamamoto_2025,isodepth_vs_score,interface,snai1ac_em_unsmoothed_uncorrected,Unsmoothed uncorrected,0.0451813606834373,0.34056306115073287,447
usable,4,primary_glmpca,glmpca,Pt1-3,yamamoto_2025,isodepth_vs_score,stroma,snai1ac_em_smooth_corrected,Smoothed corrected,0.5067981755097267,3.776029369841219e-16,226
usable,4,primary_glmpca,glmpca,Pt1-3,yamamoto_2025,isodepth_vs_score,stroma,snai1ac_em_unsmoothed_corrected,Unsmoothed corrected,0.32957207646225617,3.990177241694538e-07,226
usable,4,primary_glmpca,glmpca,Pt1-3,yamamoto_2025,isodepth_vs_score,stroma,snai1ac_em_unsmoothed_uncorrected,Unsmoothed uncorrected,0.4173794393980741,6.120379341146373e-11,226
usable,4,primary_glmpca,glmpca,Pt1-3,yamamoto_2025,isodepth_vs_total_counts,all,,,0.1885727233941407,1.7601810662794375e-17,2002
usable,4,primary_glmpca,glmpca,Pt1-3,yamamoto_2025,isodepth_vs_n_genes_by_counts,all,,,0.18249987062065695,1.8748090720542388e-16,2002
usable,4,primary_glmpca,glmpca,Pt1-3,yamamoto_2025,isodepth_vs_n_genes,all,,,0.18249987062065695,1.8748090720542388e-16,2002
usable,4,primary_glmpca,glmpca,Pt1-3,yamamoto_2025,isodepth_vs_n_counts,all,,,0.1885727233941407,1.7601810662794375e-17,2002
usable,4,primary_glmpca,glmpca,Pt1-3,yamamoto_2025,isodepth_vs_Malignant,all,,,0.6966251240802462,9.411252785098184e-291,2002
usable,4,primary_glmpca,glmpca,Pt1-3,yamamoto_2025,score_variant_vs_score_variant,all,snai1ac_em_smooth_corrected__vs__snai1ac_em_unsmoothed_corrected,Smoothed corrected vs Unsmoothed corrected,0.30370266933188667,5.496646138695376e-44,2002
usable,4,primary_glmpca,glmpca,Pt1-3,yamamoto_2025,score_variant_vs_score_variant,all,snai1ac_em_smooth_corrected__vs__snai1ac_em_unsmoothed_uncorrected,Smoothed corrected vs Unsmoothed uncorrected,0.24730787883135824,2.791901391123627e-29,2002
usable,4,primary_glmpca,glmpca,Pt1-3,yamamoto_2025,score_variant_vs_score_variant,all,snai1ac_em_unsmoothed_corrected__vs__snai1ac_em_unsmoothed_uncorrected,Unsmoothed corrected vs Unsmoothed uncorrected,0.9515266548734337,0.0,2002
usable_manual_k_caveat,8,primary_glmpca,glmpca,Pt1-4,yamamoto_2025,isodepth_vs_score,all,snai1ac_em_smooth_corrected,Smoothed corrected,-0.008599467282614803,0.7489816830218028,1387
usable_manual_k_caveat,8,primary_glmpca,glmpca,Pt1-4,yamamoto_2025,isodepth_vs_score,all,snai1ac_em_unsmoothed_corrected,Unsmoothed corrected,0.008746439124513249,0.7448394964492886,1387
usable_manual_k_caveat,8,primary_glmpca,glmpca,Pt1-4,yamamoto_2025,isodepth_vs_score,all,snai1ac_em_unsmoothed_uncorrected,Unsmoothed uncorrected,0.05218517902059123,0.05200702178496916,1387
usable_manual_k_caveat,8,primary_glmpca,glmpca,Pt1-4,yamamoto_2025,isodepth_vs_score,tumor,snai1ac_em_smooth_corrected,Smoothed corrected,-0.14440776572067485,5.344217034700282e-05,777
usable_manual_k_caveat,8,primary_glmpca,glmpca,Pt1-4,yamamoto_2025,isodepth_vs_score,tumor,snai1ac_em_unsmoothed_corrected,Unsmoothed corrected,-0.09369020102330469,0.008971628163572243,777
usable_manual_k_caveat,8,primary_glmpca,glmpca,Pt1-4,yamamoto_2025,isodepth_vs_score,tumor,snai1ac_em_unsmoothed_uncorrected,Unsmoothed uncorrected,-0.061291683989322665,0.08775825177184267,777
usable_manual_k_caveat,8,primary_glmpca,glmpca,Pt1-4,yamamoto_2025,isodepth_vs_score,interface,snai1ac_em_smooth_corrected,Smoothed corrected,-0.024811067571698587,0.6329018094707366,373
usable_manual_k_caveat,8,primary_glmpca,glmpca,Pt1-4,yamamoto_2025,isodepth_vs_score,interface,snai1ac_em_unsmoothed_corrected,Unsmoothed corrected,-0.03055777671819712,0.5563139868476886,373
usable_manual_k_caveat,8,primary_glmpca,glmpca,Pt1-4,yamamoto_2025,isodepth_vs_score,interface,snai1ac_em_unsmoothed_uncorrected,Unsmoothed uncorrected,0.022271157171523958,0.6681146323001494,373
usable_manual_k_caveat,8,primary_glmpca,glmpca,Pt1-4,yamamoto_2025,isodepth_vs_score,stroma,snai1ac_em_smooth_corrected,Smoothed corrected,0.19803338627877667,0.0021916056410458966,237
usable_manual_k_caveat,8,primary_glmpca,glmpca,Pt1-4,yamamoto_2025,isodepth_vs_score,stroma,snai1ac_em_unsmoothed_corrected,Unsmoothed corrected,0.10132261443517548,0.11980305792711707,237
usable_manual_k_caveat,8,primary_glmpca,glmpca,Pt1-4,yamamoto_2025,isodepth_vs_score,stroma,snai1ac_em_unsmoothed_uncorrected,Unsmoothed uncorrected,0.0898858577973133,0.16781691413263597,237
usable_manual_k_caveat,8,primary_glmpca,glmpca,Pt1-4,yamamoto_2025,isodepth_vs_total_counts,all,,,0.1108378280273979,3.520255363053717e-05,1387
usable_manual_k_caveat,8,primary_glmpca,glmpca,Pt1-4,yamamoto_2025,isodepth_vs_n_genes_by_counts,all,,,0.10732977814192332,6.196654716573757e-05,1387
usable_manual_k_caveat,8,primary_glmpca,glmpca,Pt1-4,yamamoto_2025,isodepth_vs_n_genes,all,,,0.10732977814192332,6.196654716573757e-05,1387
usable_manual_k_caveat,8,primary_glmpca,glmpca,Pt1-4,yamamoto_2025,isodepth_vs_n_counts,all,,,0.1108378280273979,3.520255363053717e-05,1387
usable_manual_k_caveat,8,primary_glmpca,glmpca,Pt1-4,yamamoto_2025,isodepth_vs_Malignant,all,,,0.13526794272337037,4.2719238511330053e-07,1387
usable_manual_k_caveat,8,primary_glmpca,glmpca,Pt1-4,yamamoto_2025,score_variant_vs_score_variant,all,snai1ac_em_smooth_corrected__vs__snai1ac_em_unsmoothed_corrected,Smoothed corrected vs Unsmoothed corrected,0.2815486953645108,1.0958255891301635e-26,1387
usable_manual_k_caveat,8,primary_glmpca,glmpca,Pt1-4,yamamoto_2025,score_variant_vs_score_variant,all,snai1ac_em_smooth_corrected__vs__snai1ac_em_unsmoothed_uncorrected,Smoothed corrected vs Unsmoothed uncorrected,0.26139205594169246,4.217357932436111e-23,1387
usable_manual_k_caveat,8,primary_glmpca,glmpca,Pt1-4,yamamoto_2025,score_variant_vs_score_variant,all,snai1ac_em_unsmoothed_corrected__vs__snai1ac_em_unsmoothed_uncorrected,Unsmoothed corrected vs Unsmoothed uncorrected,0.9464881865445769,0.0,1387
supplementary_pearson_usable,5,supplementary_pearson,pearson,Pt2-1,yamamoto_2025,isodepth_vs_score,all,snai1ac_em_smooth_corrected,Smoothed corrected,-0.0077408394323922715,0.7404996917722522,1833
supplementary_pearson_usable,5,supplementary_pearson,pearson,Pt2-1,yamamoto_2025,isodepth_vs_score,all,snai1ac_em_unsmoothed_corrected,Unsmoothed corrected,-0.0095713637808658,0.6821625699419434,1833
supplementary_pearson_usable,5,supplementary_pearson,pearson,Pt2-1,yamamoto_2025,isodepth_vs_score,all,snai1ac_em_unsmoothed_uncorrected,Unsmoothed uncorrected,-0.10034444644374906,1.6771278558346727e-05,1833
supplementary_pearson_usable,5,supplementary_pearson,pearson,Pt2-1,yamamoto_2025,isodepth_vs_score,tumor,snai1ac_em_smooth_corrected,Smoothed corrected,0.04257147718805497,0.1845667708276725,973
supplementary_pearson_usable,5,supplementary_pearson,pearson,Pt2-1,yamamoto_2025,isodepth_vs_score,tumor,snai1ac_em_unsmoothed_corrected,Unsmoothed corrected,0.022495637335182537,0.4833704596867229,973
supplementary_pearson_usable,5,supplementary_pearson,pearson,Pt2-1,yamamoto_2025,isodepth_vs_score,tumor,snai1ac_em_unsmoothed_uncorrected,Unsmoothed uncorrected,-0.07611197310526142,0.01757035408424091,973
supplementary_pearson_usable,5,supplementary_pearson,pearson,Pt2-1,yamamoto_2025,isodepth_vs_score,interface,snai1ac_em_smooth_corrected,Smoothed corrected,-0.19182510369920233,1.289002411092577e-05,510
supplementary_pearson_usable,5,supplementary_pearson,pearson,Pt2-1,yamamoto_2025,isodepth_vs_score,interface,snai1ac_em_unsmoothed_corrected,Unsmoothed corrected,-0.16645422116420378,0.0001592279082690159,510
supplementary_pearson_usable,5,supplementary_pearson,pearson,Pt2-1,yamamoto_2025,isodepth_vs_score,interface,snai1ac_em_unsmoothed_uncorrected,Unsmoothed uncorrected,-0.29215278435835407,1.7094480047029312e-11,510
supplementary_pearson_usable,5,supplementary_pearson,pearson,Pt2-1,yamamoto_2025,isodepth_vs_score,stroma,snai1ac_em_smooth_corrected,Smoothed corrected,-0.14202784162669552,0.007788692277422622,350
supplementary_pearson_usable,5,supplementary_pearson,pearson,Pt2-1,yamamoto_2025,isodepth_vs_score,stroma,snai1ac_em_unsmoothed_corrected,Unsmoothed corrected,-0.1281729413534571,0.016429953316569792,350
supplementary_pearson_usable,5,supplementary_pearson,pearson,Pt2-1,yamamoto_2025,isodepth_vs_score,stroma,snai1ac_em_unsmoothed_uncorrected,Unsmoothed uncorrected,-0.28902015526657365,3.6777309913514255e-08,350
supplementary_pearson_usable,5,supplementary_pearson,pearson,Pt2-1,yamamoto_2025,isodepth_vs_total_counts,all,,,0.2351346361408826,1.913227393162942e-24,1833
supplementary_pearson_usable,5,supplementary_pearson,pearson,Pt2-1,yamamoto_2025,isodepth_vs_n_genes_by_counts,all,,,0.26879435929951756,1.0495363899692225e-31,1833
supplementary_pearson_usable,5,supplementary_pearson,pearson,Pt2-1,yamamoto_2025,isodepth_vs_n_genes,all,,,0.26879435929951756,1.0495363899692225e-31,1833
supplementary_pearson_usable,5,supplementary_pearson,pearson,Pt2-1,yamamoto_2025,isodepth_vs_n_counts,all,,,0.2351346361408826,1.913227393162942e-24,1833
supplementary_pearson_usable,5,supplementary_pearson,pearson,Pt2-1,yamamoto_2025,isodepth_vs_Malignant,all,,,0.29977251736941374,2.2562120261660296e-39,1833
supplementary_pearson_usable,5,supplementary_pearson,pearson,Pt2-1,yamamoto_2025,score_variant_vs_score_variant,all,snai1ac_em_smooth_corrected__vs__snai1ac_em_unsmoothed_corrected,Smoothed corrected vs Unsmoothed corrected,0.3288915958955315,1.7176533086536196e-47,1833
supplementary_pearson_usable,5,supplementary_pearson,pearson,Pt2-1,yamamoto_2025,score_variant_vs_score_variant,all,snai1ac_em_smooth_corrected__vs__snai1ac_em_unsmoothed_uncorrected,Smoothed corrected vs Unsmoothed uncorrected,0.29180042304114523,2.6294198880645365e-37,1833
supplementary_pearson_usable,5,supplementary_pearson,pearson,Pt2-1,yamamoto_2025,score_variant_vs_score_variant,all,snai1ac_em_unsmoothed_corrected__vs__snai1ac_em_unsmoothed_uncorrected,Unsmoothed corrected vs Unsmoothed uncorrected,0.9528821192956451,0.0,1833
usable_domain_size_caveat,5,primary_glmpca,glmpca,Pt2-2,yamamoto_2025,isodepth_vs_score,all,snai1ac_em_smooth_corrected,Smoothed corrected,-0.06931853706814245,0.0017966697600012183,2026
usable_domain_size_caveat,5,primary_glmpca,glmpca,Pt2-2,yamamoto_2025,isodepth_vs_score,all,snai1ac_em_unsmoothed_corrected,Unsmoothed corrected,-0.038740803041792005,0.08127340387939924,2026
usable_domain_size_caveat,5,primary_glmpca,glmpca,Pt2-2,yamamoto_2025,isodepth_vs_score,all,snai1ac_em_unsmoothed_uncorrected,Unsmoothed uncorrected,-0.3516286160380618,4.9497359484246137e-60,2026
usable_domain_size_caveat,5,primary_glmpca,glmpca,Pt2-2,yamamoto_2025,isodepth_vs_score,tumor,snai1ac_em_smooth_corrected,Smoothed corrected,-0.03597173324123145,0.2107793891764453,1212
usable_domain_size_caveat,5,primary_glmpca,glmpca,Pt2-2,yamamoto_2025,isodepth_vs_score,tumor,snai1ac_em_unsmoothed_corrected,Unsmoothed corrected,-0.006794351347523457,0.813203160028658,1212
usable_domain_size_caveat,5,primary_glmpca,glmpca,Pt2-2,yamamoto_2025,isodepth_vs_score,tumor,snai1ac_em_unsmoothed_uncorrected,Unsmoothed uncorrected,-0.3375050517061021,1.1314216353519943e-33,1212
usable_domain_size_caveat,5,primary_glmpca,glmpca,Pt2-2,yamamoto_2025,isodepth_vs_score,interface,snai1ac_em_smooth_corrected,Smoothed corrected,-0.06524617674847841,0.09911834117133289,640
usable_domain_size_caveat,5,primary_glmpca,glmpca,Pt2-2,yamamoto_2025,isodepth_vs_score,interface,snai1ac_em_unsmoothed_corrected,Unsmoothed corrected,-0.05435128320625784,0.16965348790196622,640
usable_domain_size_caveat,5,primary_glmpca,glmpca,Pt2-2,yamamoto_2025,isodepth_vs_score,interface,snai1ac_em_unsmoothed_uncorrected,Unsmoothed uncorrected,-0.3410012139922217,6.849966231306498e-19,640
usable_domain_size_caveat,5,primary_glmpca,glmpca,Pt2-2,yamamoto_2025,isodepth_vs_score,stroma,snai1ac_em_smooth_corrected,Smoothed corrected,-0.20912098863862863,0.005617697282725227,174
usable_domain_size_caveat,5,primary_glmpca,glmpca,Pt2-2,yamamoto_2025,isodepth_vs_score,stroma,snai1ac_em_unsmoothed_corrected,Unsmoothed corrected,-0.11619579145192059,0.12679661541354026,174
usable_domain_size_caveat,5,primary_glmpca,glmpca,Pt2-2,yamamoto_2025,isodepth_vs_score,stroma,snai1ac_em_unsmoothed_uncorrected,Unsmoothed uncorrected,-0.3550317491955921,1.5323744165424086e-06,174
usable_domain_size_caveat,5,primary_glmpca,glmpca,Pt2-2,yamamoto_2025,isodepth_vs_total_counts,all,,,0.10332070771779293,3.159235897619708e-06,2026
usable_domain_size_caveat,5,primary_glmpca,glmpca,Pt2-2,yamamoto_2025,isodepth_vs_n_genes_by_counts,all,,,0.07105129308094103,0.0013734712182796535,2026
usable_domain_size_caveat,5,primary_glmpca,glmpca,Pt2-2,yamamoto_2025,isodepth_vs_n_genes,all,,,0.07105129308094103,0.0013734712182796535,2026
usable_domain_size_caveat,5,primary_glmpca,glmpca,Pt2-2,yamamoto_2025,isodepth_vs_n_counts,all,,,0.10332070771779293,3.159235897619708e-06,2026
usable_domain_size_caveat,5,primary_glmpca,glmpca,Pt2-2,yamamoto_2025,isodepth_vs_Malignant,all,,,0.0986105806497316,8.721020831160588e-06,2026
usable_domain_size_caveat,5,primary_glmpca,glmpca,Pt2-2,yamamoto_2025,score_variant_vs_score_variant,all,snai1ac_em_smooth_corrected__vs__snai1ac_em_unsmoothed_corrected,Smoothed corrected vs Unsmoothed corrected,0.1987458347445315,1.7092224593541945e-19,2026
usable_domain_size_caveat,5,primary_glmpca,glmpca,Pt2-2,yamamoto_2025,score_variant_vs_score_variant,all,snai1ac_em_smooth_corrected__vs__snai1ac_em_unsmoothed_uncorrected,Smoothed corrected vs Unsmoothed uncorrected,0.1696124721293433,1.5242194318037793e-14,2026
usable_domain_size_caveat,5,primary_glmpca,glmpca,Pt2-2,yamamoto_2025,score_variant_vs_score_variant,all,snai1ac_em_unsmoothed_corrected__vs__snai1ac_em_unsmoothed_uncorrected,Unsmoothed corrected vs Unsmoothed uncorrected,0.8958924065534284,0.0,2026
usable,4,primary_glmpca,glmpca,Pt2-3,yamamoto_2025,isodepth_vs_score,all,snai1ac_em_smooth_corrected,Smoothed corrected,-0.05640475910328758,0.009539749325283573,2111
usable,4,primary_glmpca,glmpca,Pt2-3,yamamoto_2025,isodepth_vs_score,all,snai1ac_em_unsmoothed_corrected,Unsmoothed corrected,-0.02699749736255649,0.21500940685999784,2111
usable,4,primary_glmpca,glmpca,Pt2-3,yamamoto_2025,isodepth_vs_score,all,snai1ac_em_unsmoothed_uncorrected,Unsmoothed uncorrected,-0.12330913542264714,1.3168619618032372e-08,2111
usable,4,primary_glmpca,glmpca,Pt2-3,yamamoto_2025,isodepth_vs_score,tumor,snai1ac_em_smooth_corrected,Smoothed corrected,0.02668955756547891,0.33111472734617664,1328
usable,4,primary_glmpca,glmpca,Pt2-3,yamamoto_2025,isodepth_vs_score,tumor,snai1ac_em_unsmoothed_corrected,Unsmoothed corrected,-0.00798130440760902,0.7713700226020204,1328
usable,4,primary_glmpca,glmpca,Pt2-3,yamamoto_2025,isodepth_vs_score,tumor,snai1ac_em_unsmoothed_uncorrected,Unsmoothed uncorrected,-0.05881406314741685,0.03210318335001389,1328
usable,4,primary_glmpca,glmpca,Pt2-3,yamamoto_2025,isodepth_vs_score,interface,snai1ac_em_smooth_corrected,Smoothed corrected,-0.24280948327877822,1.2985191449549133e-06,388
usable,4,primary_glmpca,glmpca,Pt2-3,yamamoto_2025,isodepth_vs_score,interface,snai1ac_em_unsmoothed_corrected,Unsmoothed corrected,-0.04027009853197404,0.42894950599944526,388
usable,4,primary_glmpca,glmpca,Pt2-3,yamamoto_2025,isodepth_vs_score,interface,snai1ac_em_unsmoothed_uncorrected,Unsmoothed uncorrected,-0.19902304174352758,7.906785360677647e-05,388
usable,4,primary_glmpca,glmpca,Pt2-3,yamamoto_2025,isodepth_vs_score,stroma,snai1ac_em_smooth_corrected,Smoothed corrected,-0.15314625403297255,0.002272470421061051,395
usable,4,primary_glmpca,glmpca,Pt2-3,yamamoto_2025,isodepth_vs_score,stroma,snai1ac_em_unsmoothed_corrected,Unsmoothed corrected,-0.09169397502623744,0.06869157283034036,395
usable,4,primary_glmpca,glmpca,Pt2-3,yamamoto_2025,isodepth_vs_score,stroma,snai1ac_em_unsmoothed_uncorrected,Unsmoothed uncorrected,-0.1859801510575783,0.00020156463747758547,395
usable,4,primary_glmpca,glmpca,Pt2-3,yamamoto_2025,isodepth_vs_total_counts,all,,,0.0214720788917172,0.3240951694814803,2111
usable,4,primary_glmpca,glmpca,Pt2-3,yamamoto_2025,isodepth_vs_n_genes_by_counts,all,,,0.02944584741031032,0.17624750763866678,2111
usable,4,primary_glmpca,glmpca,Pt2-3,yamamoto_2025,isodepth_vs_n_genes,all,,,0.02944584741031032,0.17624750763866678,2111
usable,4,primary_glmpca,glmpca,Pt2-3,yamamoto_2025,isodepth_vs_n_counts,all,,,0.0214720788917172,0.3240951694814803,2111
usable,4,primary_glmpca,glmpca,Pt2-3,yamamoto_2025,isodepth_vs_Malignant,all,,,0.04555820061136822,0.03634498295081805,2111
usable,4,primary_glmpca,glmpca,Pt2-3,yamamoto_2025,score_variant_vs_score_variant,all,snai1ac_em_smooth_corrected__vs__snai1ac_em_unsmoothed_corrected,Smoothed corrected vs Unsmoothed corrected,0.17652606262594062,3.0830279328555345e-16,2111
usable,4,primary_glmpca,glmpca,Pt2-3,yamamoto_2025,score_variant_vs_score_variant,all,snai1ac_em_smooth_corrected__vs__snai1ac_em_unsmoothed_uncorrected,Smoothed corrected vs Unsmoothed uncorrected,0.16690719413359906,1.17880230328353e-14,2111
usable,4,primary_glmpca,glmpca,Pt2-3,yamamoto_2025,score_variant_vs_score_variant,all,snai1ac_em_unsmoothed_corrected__vs__snai1ac_em_unsmoothed_uncorrected,Unsmoothed corrected vs Unsmoothed uncorrected,0.9611691510544368,0.0,2111
usable,4,primary_glmpca,glmpca,Pt2-4,yamamoto_2025,isodepth_vs_score,all,snai1ac_em_smooth_corrected,Smoothed corrected,0.08781017789313375,4.927194947989661e-07,3270
usable,4,primary_glmpca,glmpca,Pt2-4,yamamoto_2025,isodepth_vs_score,all,snai1ac_em_unsmoothed_corrected,Unsmoothed corrected,0.05732107144896103,0.0010406998266051417,3270
usable,4,primary_glmpca,glmpca,Pt2-4,yamamoto_2025,isodepth_vs_score,all,snai1ac_em_unsmoothed_uncorrected,Unsmoothed uncorrected,0.2315922648722462,4.545830920396942e-41,3270
usable,4,primary_glmpca,glmpca,Pt2-4,yamamoto_2025,isodepth_vs_score,tumor,snai1ac_em_smooth_corrected,Smoothed corrected,-0.15963693119895597,3.1388658089953896e-10,1536
usable,4,primary_glmpca,glmpca,Pt2-4,yamamoto_2025,isodepth_vs_score,tumor,snai1ac_em_unsmoothed_corrected,Unsmoothed corrected,-0.08882606821571208,0.0004915604290167855,1536
usable,4,primary_glmpca,glmpca,Pt2-4,yamamoto_2025,isodepth_vs_score,tumor,snai1ac_em_unsmoothed_uncorrected,Unsmoothed uncorrected,-0.01699345866644076,0.5057239041080157,1536
usable,4,primary_glmpca,glmpca,Pt2-4,yamamoto_2025,isodepth_vs_score,interface,snai1ac_em_smooth_corrected,Smoothed corrected,-0.23082533210915898,9.95872291077528e-06,359
usable,4,primary_glmpca,glmpca,Pt2-4,yamamoto_2025,isodepth_vs_score,interface,snai1ac_em_unsmoothed_corrected,Unsmoothed corrected,-0.15371713273473284,0.0035032514045326593,359
usable,4,primary_glmpca,glmpca,Pt2-4,yamamoto_2025,isodepth_vs_score,interface,snai1ac_em_unsmoothed_uncorrected,Unsmoothed uncorrected,-0.06973799557014883,0.18738859229408222,359
usable,4,primary_glmpca,glmpca,Pt2-4,yamamoto_2025,isodepth_vs_score,stroma,snai1ac_em_smooth_corrected,Smoothed corrected,0.13176426599702726,9.443350602284988e-07,1375
usable,4,primary_glmpca,glmpca,Pt2-4,yamamoto_2025,isodepth_vs_score,stroma,snai1ac_em_unsmoothed_corrected,Unsmoothed corrected,0.053774125945142505,0.04619283249781836,1375
usable,4,primary_glmpca,glmpca,Pt2-4,yamamoto_2025,isodepth_vs_score,stroma,snai1ac_em_unsmoothed_uncorrected,Unsmoothed uncorrected,0.2529492600422833,1.628054692621215e-21,1375
usable,4,primary_glmpca,glmpca,Pt2-4,yamamoto_2025,isodepth_vs_total_counts,all,,,0.32719992414954097,1.873357654022619e-82,3270
usable,4,primary_glmpca,glmpca,Pt2-4,yamamoto_2025,isodepth_vs_n_genes_by_counts,all,,,0.31588658157699956,1.1125908282418238e-76,3270
usable,4,primary_glmpca,glmpca,Pt2-4,yamamoto_2025,isodepth_vs_n_genes,all,,,0.31588658157699956,1.1125908282418238e-76,3270
usable,4,primary_glmpca,glmpca,Pt2-4,yamamoto_2025,isodepth_vs_n_counts,all,,,0.32719992414954097,1.873357654022619e-82,3270
usable,4,primary_glmpca,glmpca,Pt2-4,yamamoto_2025,isodepth_vs_Malignant,all,,,0.5668581842571888,2.1044070720598415e-277,3270
usable,4,primary_glmpca,glmpca,Pt2-4,yamamoto_2025,score_variant_vs_score_variant,all,snai1ac_em_smooth_corrected__vs__snai1ac_em_unsmoothed_corrected,Smoothed corrected vs Unsmoothed corrected,0.28304656022038044,2.702226647751856e-61,3270
usable,4,primary_glmpca,glmpca,Pt2-4,yamamoto_2025,score_variant_vs_score_variant,all,snai1ac_em_smooth_corrected__vs__snai1ac_em_unsmoothed_uncorrected,Smoothed corrected vs Unsmoothed uncorrected,0.25257900833890545,9.113970268282948e-49,3270
usable,4,primary_glmpca,glmpca,Pt2-4,yamamoto_2025,score_variant_vs_score_variant,all,snai1ac_em_unsmoothed_corrected__vs__snai1ac_em_unsmoothed_uncorrected,Unsmoothed corrected vs Unsmoothed uncorrected,0.9429202590815499,0.0,3270
